experiment_id,timestamp,dataset,defect_category,image_name,resolution,image_width,image_height,intensity_precision,representation,shots,simulator,qubits,n_position_qubits,n_color_or_intensity_qubits,gate_count,circuit_depth,controlled_gates,gate_types,encoding_time,simulation_time,measurement_time,reconstruction_time,total_time,mse,psnr,ssim
590599e8,2026-09-21T23:53:08.858968,synthetic,uniform,synthetic_uniform,4x4,4,4,8,FRQI,1024,statevector,5,4,1,1092,705,384,"{""h"": 132, ""x"": 64, ""cx"": 384, ""tdg"": 192, ""t"": 256, ""ry"": 64}",0.0009674169996287,0.0041409590048715,0.0,3.2916999771259725e-05,0.0067022500006714,1.7841815004803353e-30,100.0,1.0000000000000089
2e1f8e1e,2026-09-21T23:53:08.865690,synthetic,uniform,synthetic_uniform,4x4,4,4,8,NEQR,1024,statevector,12,4,8,180,140,112,"{""h"": 4, ""x"": 64, ""mcx"": 112}",0.0013496250030584,0.0012422080035321,0.0,0.00023695800337,0.0034511670091887,0.0,100.0,1.0
40d585f3,2026-09-21T23:53:08.869192,synthetic,gradient,synthetic_gradient,4x4,4,4,8,FRQI,1024,statevector,5,4,1,812,529,288,"{""h"": 100, ""x"": 40, ""cx"": 288, ""tdg"": 144, ""t"": 192, ""ry"": 48}",0.0007389170059468,0.0032977080118143,0.0,3.341700357850641e-05,0.0053017500031273,2.124973509841078e-30,100.0,0.9999999999999994
855031c7,2026-09-21T23:53:08.874515,synthetic,gradient,synthetic_gradient,4x4,4,4,8,NEQR,1024,statevector,12,4,8,108,84,64,"{""h"": 4, ""x"": 40, ""mcx"": 64}",0.0008066250011324,0.0008034159982344,0.0,0.0002428339939797,0.0022741669963579,0.0,100.0,1.0
8ecae864,2026-09-21T23:53:08.876826,synthetic,checkerboard,synthetic_checkerboard,4x4,4,4,8,FRQI,1024,statevector,5,4,1,548,353,192,"{""h"": 68, ""x"": 32, ""cx"": 192, ""tdg"": 96, ""t"": 128, ""ry"": 32}",0.0005870000022696,0.0021731249871663,0.0,3.1916992156766355e-05,0.0036496670072665,1.130092318227824e-30,100.0,1.0
9270388c,2026-09-21T23:53:08.880494,synthetic,checkerboard,synthetic_checkerboard,4x4,4,4,8,NEQR,1024,statevector,12,4,8,100,77,64,"{""h"": 4, ""x"": 32, ""mcx"": 64}",0.0008183750032912,0.0009434999956283,0.0,0.0002477499947417,0.002418125004624,0.0,100.0,1.0
b8a06799,2026-09-21T23:53:08.882948,synthetic,diagonal,synthetic_diagonal,4x4,4,4,8,FRQI,1024,statevector,5,4,1,1020,661,360,"{""h"": 124, ""x"": 56, ""cx"": 360, ""tdg"": 180, ""t"": 240, ""ry"": 60}",0.001156667000032,0.0037688749871449,0.0,3.858401032630354e-05,0.0064498329884372,1.9517361685717857e-30,100.0,0.9999999999999996
7964e39d,2026-09-21T23:53:08.889415,synthetic,diagonal,synthetic_diagonal,4x4,4,4,8,NEQR,1024,statevector,12,4,8,134,100,74,"{""h"": 4, ""x"": 56, ""mcx"": 74}",0.001013959001284,0.00103583400778,0.0,0.0002357499906793,0.0027284999960102,0.0,100.0,1.0
72484cca,2026-09-21T23:53:08.896416,synthetic,random,synthetic_random,4x4,4,4,8,FRQI,1024,statevector,5,4,1,1092,705,384,"{""h"": 132, ""x"": 64, ""cx"": 384, ""tdg"": 192, ""t"": 256, ""ry"": 64}",0.0011385000107111,0.0041224580054404,0.0,2.925000444520265e-05,0.006837250009994,1.8424077793771297e-30,100.0,1.0000000000000009
792e9633,2026-09-21T23:53:08.903272,synthetic,random,synthetic_random,4x4,4,4,8,NEQR,1024,statevector,12,4,8,133,93,65,"{""h"": 4, ""x"": 64, ""mcx"": 65}",0.00082200000179,0.0009360830008517,0.0,0.0002470410108799,0.0024122090107994,0.0,100.0,1.0
