experiment_id,timestamp,dataset,defect_category,image_name,resolution,image_width,image_height,intensity_precision,representation,shots,simulator,qubits,n_position_qubits,n_color_or_intensity_qubits,gate_count,circuit_depth,controlled_gates,gate_types,encoding_time,simulation_time,measurement_time,reconstruction_time,total_time,mse,psnr,ssim
f34e9936,2026-10-07T20:14:55.402805,NEU-DET,crazing,crazing_1.jpg,4x4,4,4,8,FRQI,1024,aer,5,4,1,1092,705,384,"{""h"": 132, ""x"": 64, ""cx"": 384, ""tdg"": 192, ""t"": 256, ""ry"": 64}",0.0014151670038700104,0.006974624993745238,4.958402132615447e-05,9.462499292567372e-05,0.010319207969587296,0.0021148274401036476,26.747250632147775,0.7238171576012528
4f2a5ad6,2026-10-07T20:14:55.413157,NEU-DET,crazing,crazing_1.jpg,4x4,4,4,8,NEQR,1024,aer,12,4,8,136,96,68,"{""h"": 4, ""x"": 64, ""mcx"": 68}",0.0010991659946739674,0.002144666970707476,2.3499946109950542e-05,2.5374989490956068e-05,0.004054708988405764,0.0,100.0,1.0
842d02ba,2026-10-07T20:14:55.417928,NEU-DET,crazing,crazing_10.jpg,4x4,4,4,8,FRQI,1024,aer,5,4,1,1092,705,384,"{""h"": 132, ""x"": 64, ""cx"": 384, ""tdg"": 192, ""t"": 256, ""ry"": 64}",0.0017526669544167817,0.0048574579996056855,3.770802868530154e-05,6.750004831701517e-05,0.008175541006494313,0.0023292883930070662,26.32776737425938,0.9110087794439755
88f38fb5,2026-10-07T20:14:55.426129,NEU-DET,crazing,crazing_10.jpg,4x4,4,4,8,NEQR,1024,aer,12,4,8,134,94,66,"{""h"": 4, ""x"": 64, ""mcx"": 66}",0.0010257919784635305,0.001958667009603232,2.6458001229912043e-05,2.154201501980424e-05,0.0035438340273685753,0.0,100.0,1.0
17e2c784,2026-10-07T20:14:55.430232,NEU-DET,crazing,crazing_100.jpg,4x4,4,4,8,FRQI,1024,aer,5,4,1,1092,705,384,"{""h"": 132, ""x"": 64, ""cx"": 384, ""tdg"": 192, ""t"": 256, ""ry"": 64}",0.0010390829993411899,0.004785540979355574,3.3165968488901854e-05,6.375001976266503e-05,0.007425582967698574,0.0022552313361623574,26.468089026260575,0.710841864873501
971441c6,2026-10-07T20:14:55.437686,NEU-DET,crazing,crazing_100.jpg,4x4,4,4,8,NEQR,1024,aer,12,4,8,134,94,66,"{""h"": 4, ""x"": 64, ""mcx"": 66}",0.0009534580167382956,0.002419333963189274,1.995899947360158e-05,1.983396941795945e-05,0.003881499986164272,0.0,100.0,1.0
be77d6bd,2026-10-07T20:14:55.442151,NEU-DET,crazing,crazing_101.jpg,4x4,4,4,8,FRQI,1024,aer,5,4,1,1092,705,384,"{""h"": 132, ""x"": 64, ""cx"": 384, ""tdg"": 192, ""t"": 256, ""ry"": 64}",0.0010234999936074018,0.005882834026124328,4.650000482797623e-05,8.508301107212901e-05,0.008481290948111564,0.0016385111300282421,27.855506042093246,0.725953312350697
6be8da3a,2026-10-07T20:14:55.450658,NEU-DET,crazing,crazing_101.jpg,4x4,4,4,8,NEQR,1024,aer,12,4,8,132,92,64,"{""h"": 4, ""x"": 64, ""mcx"": 64}",0.0009178330074064434,0.0022350000217556953,2.1541956812143326e-05,1.8250022549182177e-05,0.00383145798696205,0.0,100.0,1.0
107b0c86,2026-10-07T20:14:55.455046,NEU-DET,crazing,crazing_102.jpg,4x4,4,4,8,FRQI,1024,aer,5,4,1,1092,705,384,"{""h"": 132, ""x"": 64, ""cx"": 384, ""tdg"": 192, ""t"": 256, ""ry"": 64}",0.0010508339619264007,0.005069624981842935,3.0708033591508865e-05,6.066699279472232e-05,0.007676459033973515,0.002228714130685157,26.519456333716587,0.8742330299123733
f6ebdb4f,2026-10-07T20:14:55.462743,NEU-DET,crazing,crazing_102.jpg,4x4,4,4,8,NEQR,1024,aer,12,4,8,127,87,59,"{""h"": 4, ""x"": 64, ""mcx"": 59}",0.0008249579695984721,0.0018252079607918859,2.37500062212348e-05,2.0292005501687527e-05,0.003175750025548041,0.0,100.0,1.0
c3212d92,2026-10-07T20:14:55.467803,NEU-DET,crazing,crazing_103.jpg,4x4,4,4,8,FRQI,1024,aer,5,4,1,1092,705,384,"{""h"": 132, ""x"": 64, ""cx"": 384, ""tdg"": 192, ""t"": 256, ""ry"": 64}",0.0011705000069923699,0.006568250013515353,3.424996975809336e-05,6.34589814580977e-05,0.009296166012063622,0.0020168873563300507,26.953183565667914,0.8623548317616192
7c7a19a2,2026-10-07T20:14:55.477123,NEU-DET,crazing,crazing_103.jpg,4x4,4,4,8,NEQR,1024,aer,12,4,8,130,90,62,"{""h"": 4, ""x"": 64, ""mcx"": 62}",0.0008428340079262853,0.00499450002098456,2.154201501980424e-05,2.0875013433396816e-05,0.006374291959218681,0.0,100.0,1.0
00a2527e,2026-10-07T20:14:55.484039,NEU-DET,crazing,crazing_104.jpg,4x4,4,4,8,FRQI,1024,aer,5,4,1,1092,705,384,"{""h"": 132, ""x"": 64, ""cx"": 384, ""tdg"": 192, ""t"": 256, ""ry"": 64}",0.0011504580033943057,0.004791082988958806,3.312499029561877e-05,0.00015329098096117377,0.007636624970473349,0.0012702206172261537,28.961208424118684,0.9388402698464205
8587e437,2026-10-07T20:14:55.491704,NEU-DET,crazing,crazing_104.jpg,4x4,4,4,8,NEQR,1024,aer,12,4,8,133,93,65,"{""h"": 4, ""x"": 64, ""mcx"": 65}",0.0009376669768244028,0.0018353750347159803,2.050003968179226e-05,1.8708000425249338e-05,0.0033238339819945395,0.0,100.0,1.0
6b71200f,2026-10-07T20:14:55.495646,NEU-DET,crazing,crazing_105.jpg,4x4,4,4,8,FRQI,1024,aer,5,4,1,1092,705,384,"{""h"": 132, ""x"": 64, ""cx"": 384, ""tdg"": 192, ""t"": 256, ""ry"": 64}",0.0010992909665219486,0.004737792012747377,3.4958007745444775e-05,6.791698979213834e-05,0.007504042005166411,0.00215293446017036,26.669691908080033,0.5571395048744687
9998fbe5,2026-10-07T20:14:55.503180,NEU-DET,crazing,crazing_105.jpg,4x4,4,4,8,NEQR,1024,aer,12,4,8,134,94,66,"{""h"": 4, ""x"": 64, ""mcx"": 66}",0.001136541017331183,0.0019696669769473374,2.0459003280848265e-05,2.0415987819433212e-05,0.0036705840029753745,0.0,100.0,1.0
69748dc5,2026-10-07T20:14:55.507419,NEU-DET,crazing,crazing_106.jpg,4x4,4,4,8,FRQI,1024,aer,5,4,1,1092,705,384,"{""h"": 132, ""x"": 64, ""cx"": 384, ""tdg"": 192, ""t"": 256, ""ry"": 64}",0.0010425419895909727,0.004587500006891787,3.324996214359999e-05,6.087496876716614e-05,0.007148750009946525,0.0014566767004725054,28.366368262539314,0.8968915504818804
abcfc93e,2026-10-07T20:14:55.514593,NEU-DET,crazing,crazing_106.jpg,4x4,4,4,8,NEQR,1024,aer,12,4,8,134,94,66,"{""h"": 4, ""x"": 64, ""mcx"": 66}",0.0009863750310614705,0.0017006670241244137,2.2042018827050924e-05,1.8457998521625996e-05,0.0031745420419611037,0.0,100.0,1.0
e1a0fede,2026-10-07T20:14:55.518274,NEU-DET,crazing,crazing_107.jpg,4x4,4,4,8,FRQI,1024,aer,5,4,1,1092,705,384,"{""h"": 132, ""x"": 64, ""cx"": 384, ""tdg"": 192, ""t"": 256, ""ry"": 64}",0.0016290000057779253,0.004608292016200721,7.445894880220294e-05,0.00013045797822996974,0.009444415976759046,0.0027926839159082605,25.539782162306377,0.7050108635905667
8f90dfd2,2026-10-07T20:14:55.527760,NEU-DET,crazing,crazing_107.jpg,4x4,4,4,8,NEQR,1024,aer,12,4,8,133,93,65,"{""h"": 4, ""x"": 64, ""mcx"": 65}",0.0020260000019334257,0.0027032920042984188,2.3875036276876926e-05,2.0249979570508003e-05,0.005799542006570846,0.0,100.0,1.0
a0b4c324,2026-10-07T20:14:55.534099,NEU-DET,crazing,crazing_108.jpg,4x4,4,4,8,FRQI,1024,aer,5,4,1,1092,705,384,"{""h"": 132, ""x"": 64, ""cx"": 384, ""tdg"": 192, ""t"": 256, ""ry"": 64}",0.0010355000267736614,0.00477487500756979,3.604200901463628e-05,6.387504981830716e-05,0.007318666961509734,0.0030922805414044276,25.09721112406696,0.6627847216939357
2114b8de,2026-10-07T20:14:55.541439,NEU-DET,crazing,crazing_108.jpg,4x4,4,4,8,NEQR,1024,aer,12,4,8,133,93,65,"{""h"": 4, ""x"": 64, ""mcx"": 65}",0.0008946669986471534,0.0018730409792624414,2.0665989723056555e-05,1.9083963707089424e-05,0.0032645000028423965,0.0,100.0,1.0
57a4a7ae,2026-10-07T20:14:55.545215,NEU-DET,crazing,crazing_109.jpg,4x4,4,4,8,FRQI,1024,aer,5,4,1,1092,705,384,"{""h"": 132, ""x"": 64, ""cx"": 384, ""tdg"": 192, ""t"": 256, ""ry"": 64}",0.0010660410043783486,0.005503292020875961,3.374996595084667e-05,6.829103222116828e-05,0.00805641699116677,0.0024942559598213855,26.03058981397124,0.34147809196994483
f155ce4d,2026-10-07T20:14:55.553297,NEU-DET,crazing,crazing_109.jpg,4x4,4,4,8,NEQR,1024,aer,12,4,8,121,81,53,"{""h"": 4, ""x"": 64, ""mcx"": 53}",0.0007530000293627381,0.0017984170117415488,1.9833038095384836e-05,1.8499966245144606e-05,0.0030488749616779387,0.0,100.0,1.0
87a73938,2026-10-07T20:14:55.556905,NEU-DET,crazing,crazing_11.jpg,4x4,4,4,8,FRQI,1024,aer,5,4,1,1092,705,384,"{""h"": 132, ""x"": 64, ""cx"": 384, ""tdg"": 192, ""t"": 256, ""ry"": 64}",0.0010936670005321503,0.0047163330018520355,3.208400448784232e-05,6.304198177531362e-05,0.008488959050737321,0.0022663051422984627,26.4468161579016,0.6490541621703005
ad671fa6,2026-10-07T20:14:55.565415,NEU-DET,crazing,crazing_11.jpg,4x4,4,4,8,NEQR,1024,aer,12,4,8,136,96,68,"{""h"": 4, ""x"": 64, ""mcx"": 68}",0.0009002499864436686,0.0020079590030945837,1.979200169444084e-05,1.8042046576738358e-05,0.00341729202773422,0.0,100.0,1.0
6bf8f5bb,2026-10-07T20:14:55.569323,NEU-DET,crazing,crazing_110.jpg,4x4,4,4,8,FRQI,1024,aer,5,4,1,1092,705,384,"{""h"": 132, ""x"": 64, ""cx"": 384, ""tdg"": 192, ""t"": 256, ""ry"": 64}",0.001047041965648532,0.005131916026584804,3.3333024475723505e-05,6.141699850559235e-05,0.007728917000349611,0.0021139601080690344,26.749032123970675,0.903665198932055
706c7738,2026-10-07T20:14:55.577074,NEU-DET,crazing,crazing_110.jpg,4x4,4,4,8,NEQR,1024,aer,12,4,8,130,90,62,"{""h"": 4, ""x"": 64, ""mcx"": 62}",0.0009876250405795872,0.0015921249869279563,1.995899947360158e-05,1.8082966562360525e-05,0.0030564170447178185,0.0,100.0,1.0
521b1ecf,2026-10-07T20:14:55.580647,NEU-DET,crazing,crazing_111.jpg,4x4,4,4,8,FRQI,1024,aer,5,4,1,1092,705,384,"{""h"": 132, ""x"": 64, ""cx"": 384, ""tdg"": 192, ""t"": 256, ""ry"": 64}",0.0022745419992133975,0.009954624983947724,3.945903154090047e-05,7.033301517367363e-05,0.015250500000547618,0.0013607177490326645,28.662319502926337,0.9294871268217849
a034766f,2026-10-07T20:14:55.595930,NEU-DET,crazing,crazing_111.jpg,4x4,4,4,8,NEQR,1024,aer,12,4,8,134,94,66,"{""h"": 4, ""x"": 64, ""mcx"": 66}",0.0009121670154854655,0.0017105829901993275,2.4540990125387907e-05,1.787504879757762e-05,0.003232708026189357,0.0,100.0,1.0
5601b9ee,2026-10-07T20:14:55.599770,NEU-DET,crazing,crazing_112.jpg,4x4,4,4,8,FRQI,1024,aer,5,4,1,1092,705,384,"{""h"": 132, ""x"": 64, ""cx"": 384, ""tdg"": 192, ""t"": 256, ""ry"": 64}",0.0011212920071557164,0.004839583009015769,3.316695801913738e-05,6.450002547353506e-05,0.007526625005993992,0.0023183346418518044,26.348238752662812,0.8942089691529758
087e85e3,2026-10-07T20:14:55.607322,NEU-DET,crazing,crazing_112.jpg,4x4,4,4,8,NEQR,1024,aer,12,4,8,127,87,59,"{""h"": 4, ""x"": 64, ""mcx"": 59}",0.0008677080040797591,0.0015837500104680657,1.812499249354005e-05,8.13750084489584e-05,0.0029836249887011945,0.0,100.0,1.0
8d5aa933,2026-10-07T20:14:55.610877,NEU-DET,crazing,crazing_113.jpg,4x4,4,4,8,FRQI,1024,aer,5,4,1,1092,705,384,"{""h"": 132, ""x"": 64, ""cx"": 384, ""tdg"": 192, ""t"": 256, ""ry"": 64}",0.0010759159922599792,0.0046051659737713635,3.225001273676753e-05,6.345805013552308e-05,0.0071631669998168945,0.002056822088538704,26.868032723828144,0.8030532098548715
22aead56,2026-10-07T20:14:55.618065,NEU-DET,crazing,crazing_113.jpg,4x4,4,4,8,NEQR,1024,aer,12,4,8,124,84,56,"{""h"": 4, ""x"": 64, ""mcx"": 56}",0.0008441249956376851,0.0028974590240977705,2.3957982193678617e-05,2.037500962615013e-05,0.004231999977491796,0.0,100.0,1.0
40b2d908,2026-10-07T20:14:55.623267,NEU-DET,crazing,crazing_114.jpg,4x4,4,4,8,FRQI,1024,aer,5,4,1,1092,705,384,"{""h"": 132, ""x"": 64, ""cx"": 384, ""tdg"": 192, ""t"": 256, ""ry"": 64}",0.0011116249952465296,0.004677832999732345,3.1917006708681583e-05,5.949998740106821e-05,0.007284874969627708,0.0028358657992397377,25.4731432498004,0.7316512170007257
bfa57481,2026-10-07T20:14:55.630571,NEU-DET,crazing,crazing_114.jpg,4x4,4,4,8,NEQR,1024,aer,12,4,8,122,82,54,"{""h"": 4, ""x"": 64, ""mcx"": 54}",0.0007367910002358258,0.0019410829991102219,2.4209031835198402e-05,1.995899947360158e-05,0.003158500010613352,0.0,100.0,1.0
f4870969,2026-10-07T20:14:55.634307,NEU-DET,crazing,crazing_115.jpg,4x4,4,4,8,FRQI,1024,aer,5,4,1,1092,705,384,"{""h"": 132, ""x"": 64, ""cx"": 384, ""tdg"": 192, ""t"": 256, ""ry"": 64}",0.00107608299003914,0.004838916996959597,3.162503708153963e-05,6.141699850559235e-05,0.007403165975119919,0.0023207813093535706,26.34365781825736,0.3449658700158911
c03d4e24,2026-10-07T20:14:55.641730,NEU-DET,crazing,crazing_115.jpg,4x4,4,4,8,NEQR,1024,aer,12,4,8,124,84,56,"{""h"": 4, ""x"": 64, ""mcx"": 56}",0.0008678750018589199,0.0018619999755173922,2.0707957446575165e-05,1.812499249354005e-05,0.003199166036210954,0.0,100.0,1.0
0d7508c0,2026-10-07T20:14:55.645492,NEU-DET,crazing,crazing_116.jpg,4x4,4,4,8,FRQI,1024,aer,5,4,1,1092,705,384,"{""h"": 132, ""x"": 64, ""cx"": 384, ""tdg"": 192, ""t"": 256, ""ry"": 64}",0.001072124985512346,0.0048661669716238976,3.1374976970255375e-05,6.395799573510885e-05,0.007486207992769778,0.0023728267847598953,26.247339639186237,0.8593036287936052
e6b4ebaf,2026-10-07T20:14:55.653005,NEU-DET,crazing,crazing_116.jpg,4x4,4,4,8,NEQR,1024,aer,12,4,8,125,85,57,"{""h"": 4, ""x"": 64, ""mcx"": 57}",0.0007988750003278255,0.002338083984795958,2.2083986550569534e-05,2.0666047930717468e-05,0.003727832983713597,0.0,100.0,1.0
291b542b,2026-10-07T20:14:55.657818,NEU-DET,inclusion,inclusion_1.jpg,4x4,4,4,8,FRQI,1024,aer,5,4,1,1092,705,384,"{""h"": 132, ""x"": 64, ""cx"": 384, ""tdg"": 192, ""t"": 256, ""ry"": 64}",0.001245125022251159,0.010384750028606504,4.4291955418884754e-05,6.833398947492242e-05,0.013279334001708776,0.0029468104522959353,25.306477983778983,0.7424430880403914
f48cfad0,2026-10-07T20:14:55.671131,NEU-DET,inclusion,inclusion_1.jpg,4x4,4,4,8,NEQR,1024,aer,12,4,8,130,90,62,"{""h"": 4, ""x"": 64, ""mcx"": 62}",0.0008923750137910247,0.0019077909528277814,2.0875013433396816e-05,1.958297798410058e-05,0.003330416977405548,0.0,100.0,1.0
713b939b,2026-10-07T20:14:55.674846,NEU-DET,inclusion,inclusion_10.jpg,4x4,4,4,8,FRQI,1024,aer,5,4,1,1092,705,384,"{""h"": 132, ""x"": 64, ""cx"": 384, ""tdg"": 192, ""t"": 256, ""ry"": 64}",0.0012214580201543868,0.005661334027536213,3.56250093318522e-05,7.050001295283437e-05,0.008426916028838605,0.002493459874444307,26.031976161954216,0.5860482049311744
7c7beee4,2026-10-07T20:14:55.683300,NEU-DET,inclusion,inclusion_10.jpg,4x4,4,4,8,NEQR,1024,aer,12,4,8,131,91,63,"{""h"": 4, ""x"": 64, ""mcx"": 63}",0.0008963749860413373,0.001827833999413997,2.1792016923427582e-05,1.9625003915280104e-05,0.003274124988820404,0.0,100.0,1.0
16cea865,2026-10-07T20:14:55.686996,NEU-DET,inclusion,inclusion_100.jpg,4x4,4,4,8,FRQI,1024,aer,5,4,1,1092,705,384,"{""h"": 132, ""x"": 64, ""cx"": 384, ""tdg"": 192, ""t"": 256, ""ry"": 64}",0.0011187500203959644,0.004700666991993785,3.245798870921135e-05,6.487499922513962e-05,0.007324207981582731,0.002707514475567978,25.674292127663577,0.40453112895157095
29bdf979,2026-10-07T20:14:55.694343,NEU-DET,inclusion,inclusion_100.jpg,4x4,4,4,8,NEQR,1024,aer,12,4,8,133,93,65,"{""h"": 4, ""x"": 64, ""mcx"": 65}",0.0008977910038083792,0.0017822079826146364,1.937500201165676e-05,1.8041988369077444e-05,0.003193749987985939,0.0,100.0,1.0
3616af8d,2026-10-07T20:14:55.698079,NEU-DET,inclusion,inclusion_101.jpg,4x4,4,4,8,FRQI,1024,aer,5,4,1,1092,705,384,"{""h"": 132, ""x"": 64, ""cx"": 384, ""tdg"": 192, ""t"": 256, ""ry"": 64}",0.001056874985806644,0.004648250003810972,3.4791999496519566e-05,6.874999962747097e-05,0.00723658298375085,0.0025565394172267037,25.92347506848229,0.5109382820481414
3ab6a3c8,2026-10-07T20:14:55.705340,NEU-DET,inclusion,inclusion_101.jpg,4x4,4,4,8,NEQR,1024,aer,12,4,8,129,89,61,"{""h"": 4, ""x"": 64, ""mcx"": 61}",0.0014855419867672026,0.0016791250091046095,2.195901470258832e-05,2.0666979253292084e-05,0.0037322909920476377,0.0,100.0,1.0
b246d53e,2026-10-07T20:14:55.709694,NEU-DET,inclusion,inclusion_102.jpg,4x4,4,4,8,FRQI,1024,aer,5,4,1,1092,705,384,"{""h"": 132, ""x"": 64, ""cx"": 384, ""tdg"": 192, ""t"": 256, ""ry"": 64}",0.001054749998729676,0.005348832986783236,3.412499791011214e-05,6.416701944544911e-05,0.007898999960161746,0.0021364039731605654,26.70316623026386,0.46271681877076154
0395b324,2026-10-07T20:14:55.717616,NEU-DET,inclusion,inclusion_102.jpg,4x4,4,4,8,NEQR,1024,aer,12,4,8,135,95,67,"{""h"": 4, ""x"": 64, ""mcx"": 67}",0.0009498330182395875,0.001766249944921583,1.9874947611242533e-05,1.912500010803342e-05,0.003316999995149672,0.0,100.0,1.0
0ee24b55,2026-10-07T20:14:55.721300,NEU-DET,inclusion,inclusion_103.jpg,4x4,4,4,8,FRQI,1024,aer,5,4,1,1092,705,384,"{""h"": 132, ""x"": 64, ""cx"": 384, ""tdg"": 192, ""t"": 256, ""ry"": 64}",0.002338708029128611,0.006602042005397379,3.483402542769909e-05,7.037498289719224e-05,0.01057141600176692,0.002051450367185601,26.87938985895785,0.5509080371204765
61307867,2026-10-07T20:14:55.731897,NEU-DET,inclusion,inclusion_103.jpg,4x4,4,4,8,NEQR,1024,aer,12,4,8,124,84,56,"{""h"": 4, ""x"": 64, ""mcx"": 56}",0.0007992920000106096,0.001547791005577892,1.837499439716339e-05,1.679197885096073e-05,0.0028319170232862234,0.0,100.0,1.0
d801f22d,2026-10-07T20:14:55.735232,NEU-DET,inclusion,inclusion_104.jpg,4x4,4,4,8,FRQI,1024,aer,5,4,1,1092,705,384,"{""h"": 132, ""x"": 64, ""cx"": 384, ""tdg"": 192, ""t"": 256, ""ry"": 64}",0.001138749998062849,0.004842832975555211,3.545801155269146e-05,6.612500874325633e-05,0.007605208025779575,0.0021878971069008123,26.599731059930573,0.4148290252509507
7e091f12,2026-10-07T20:14:55.742860,NEU-DET,inclusion,inclusion_104.jpg,4x4,4,4,8,NEQR,1024,aer,12,4,8,133,93,65,"{""h"": 4, ""x"": 64, ""mcx"": 65}",0.0010886660311371088,0.001795666990801692,2.1874962840229273e-05,1.9832979887723923e-05,0.0038069169968366623,0.0,100.0,1.0
70f3481f,2026-10-07T20:14:55.747111,NEU-DET,inclusion,inclusion_105.jpg,4x4,4,4,8,FRQI,1024,aer,5,4,1,1092,705,384,"{""h"": 132, ""x"": 64, ""cx"": 384, ""tdg"": 192, ""t"": 256, ""ry"": 64}",0.0013231660122983158,0.004747957980725914,3.304204437881708e-05,6.516702705994248e-05,0.009147249977104366,0.003040470972326576,25.170591384833667,0.4165682482769883
e09aec97,2026-10-07T20:14:55.756281,NEU-DET,inclusion,inclusion_105.jpg,4x4,4,4,8,NEQR,1024,aer,12,4,8,134,94,66,"{""h"": 4, ""x"": 64, ""mcx"": 66}",0.0009149169782176614,0.0017584580346010625,1.8666964024305344e-05,1.7625046893954277e-05,0.0032050000154413283,0.0,100.0,1.0
2a9b3220,2026-10-07T20:14:55.760025,NEU-DET,inclusion,inclusion_106.jpg,4x4,4,4,8,FRQI,1024,aer,5,4,1,1092,705,384,"{""h"": 132, ""x"": 64, ""cx"": 384, ""tdg"": 192, ""t"": 256, ""ry"": 64}",0.002369333989918232,0.006842541974037886,3.816699609160423e-05,6.35830219835043e-05,0.0122938749846071,0.0015215446572186414,28.17715296609121,0.5597464360635056
01ba29a6,2026-10-07T20:14:55.772344,NEU-DET,inclusion,inclusion_106.jpg,4x4,4,4,8,NEQR,1024,aer,12,4,8,128,88,60,"{""h"": 4, ""x"": 64, ""mcx"": 60}",0.0008452920010313392,0.001642166986130178,2.295902231708169e-05,1.991703175008297e-05,0.003001250035595149,0.0,100.0,1.0
9f735e7d,2026-10-07T20:14:55.775845,NEU-DET,inclusion,inclusion_107.jpg,4x4,4,4,8,FRQI,1024,aer,5,4,1,1092,705,384,"{""h"": 132, ""x"": 64, ""cx"": 384, ""tdg"": 192, ""t"": 256, ""ry"": 64}",0.0010548750287853181,0.012984625005628914,7.895799353718758e-05,0.0001461250358261168,0.019700791977811605,0.002791618122903072,25.54143990941034,0.6856539793308101
79f2b82c,2026-10-07T20:14:55.795597,NEU-DET,inclusion,inclusion_107.jpg,4x4,4,4,8,NEQR,1024,aer,12,4,8,129,89,61,"{""h"": 4, ""x"": 64, ""mcx"": 61}",0.004839250002987683,0.004602125030942261,5.579099524766207e-05,4.5707973185926676e-05,0.010664750006981194,0.0,100.0,1.0
8fe36d26,2026-10-07T20:14:55.808129,NEU-DET,inclusion,inclusion_108.jpg,4x4,4,4,8,FRQI,1024,aer,5,4,1,1092,705,384,"{""h"": 132, ""x"": 64, ""cx"": 384, ""tdg"": 192, ""t"": 256, ""ry"": 64}",0.0030634169816039503,0.00991495797643438,4.125002305954695e-05,7.054198067635298e-05,0.015644750033970922,0.002180248503323313,26.61494002968201,0.5688382029740464
7d8df5b7,2026-10-07T20:14:55.823811,NEU-DET,inclusion,inclusion_108.jpg,4x4,4,4,8,NEQR,1024,aer,12,4,8,124,84,56,"{""h"": 4, ""x"": 64, ""mcx"": 56}",0.0008098749676719308,0.002336208999622613,2.4834007490426302e-05,2.120796125382185e-05,0.003746958973351866,0.0,100.0,1.0
740ff2f3,2026-10-07T20:14:55.827955,NEU-DET,inclusion,inclusion_109.jpg,4x4,4,4,8,FRQI,1024,aer,5,4,1,1092,705,384,"{""h"": 132, ""x"": 64, ""cx"": 384, ""tdg"": 192, ""t"": 256, ""ry"": 64}",0.0010557500063441694,0.004805249976925552,3.708404256030917e-05,6.649998249486089e-05,0.007379167014732957,0.0013836534735893551,28.589726623009057,0.753352448556189
b4006bfe,2026-10-07T20:14:55.835361,NEU-DET,inclusion,inclusion_109.jpg,4x4,4,4,8,NEQR,1024,aer,12,4,8,125,85,57,"{""h"": 4, ""x"": 64, ""mcx"": 57}",0.0008132499642670155,0.002722750010434538,2.295902231708169e-05,2.041697734966874e-05,0.004075000004377216,0.0,100.0,1.0
37ab5731,2026-10-07T20:14:55.839852,NEU-DET,inclusion,inclusion_11.jpg,4x4,4,4,8,FRQI,1024,aer,5,4,1,1092,705,384,"{""h"": 132, ""x"": 64, ""cx"": 384, ""tdg"": 192, ""t"": 256, ""ry"": 64}",0.0011132500367239118,0.00871041597565636,3.1582952942699194e-05,6.129202665761113e-05,0.01132508396403864,0.002117296974117498,26.74218223144948,0.3440805321667171
f97d4570,2026-10-07T20:14:55.851202,NEU-DET,inclusion,inclusion_11.jpg,4x4,4,4,8,NEQR,1024,aer,12,4,8,128,88,60,"{""h"": 4, ""x"": 64, ""mcx"": 60}",0.0008116670069284737,0.0017603330197744071,4.82079922221601e-05,3.92910442315042e-05,0.003224500047508627,0.0,100.0,1.0
9b89b2af,2026-10-07T20:14:55.854954,NEU-DET,inclusion,inclusion_110.jpg,4x4,4,4,8,FRQI,1024,aer,5,4,1,1092,705,384,"{""h"": 132, ""x"": 64, ""cx"": 384, ""tdg"": 192, ""t"": 256, ""ry"": 64}",0.002369374968111515,0.006264291994739324,3.604200901463628e-05,6.83749676682055e-05,0.011724541953299195,0.002272777680054125,26.434430442784887,0.36427774930512835
344449de,2026-10-07T20:14:55.866708,NEU-DET,inclusion,inclusion_110.jpg,4x4,4,4,8,NEQR,1024,aer,12,4,8,129,89,61,"{""h"": 4, ""x"": 64, ""mcx"": 61}",0.0009746670257300138,0.0017566669848747551,2.279196633026004e-05,1.89170241355896e-05,0.003259541990701109,0.0,100.0,1.0
aa2c3163,2026-10-07T20:14:55.870601,NEU-DET,inclusion,inclusion_111.jpg,4x4,4,4,8,FRQI,1024,aer,5,4,1,1092,705,384,"{""h"": 132, ""x"": 64, ""cx"": 384, ""tdg"": 192, ""t"": 256, ""ry"": 64}",0.002557167026679963,0.0045367919956333935,3.516697324812412e-05,6.558402674272656e-05,0.008852042024955153,0.0024230719605552956,26.156336879640158,0.35753533122848663
e0fa2a69,2026-10-07T20:14:55.879478,NEU-DET,inclusion,inclusion_111.jpg,4x4,4,4,8,NEQR,1024,aer,12,4,8,130,90,62,"{""h"": 4, ""x"": 64, ""mcx"": 62}",0.0008345840033143759,0.0016810829984024167,2.1208019461482763e-05,1.9499973859637976e-05,0.0030827910522930324,0.0,100.0,1.0
31993e96,2026-10-07T20:14:55.883113,NEU-DET,inclusion,inclusion_112.jpg,4x4,4,4,8,FRQI,1024,aer,5,4,1,1092,705,384,"{""h"": 132, ""x"": 64, ""cx"": 384, ""tdg"": 192, ""t"": 256, ""ry"": 64}",0.0010275840177200735,0.005837459000758827,3.620801726356149e-05,6.7666987888515e-05,0.00844725000206381,0.001731705871701237,27.61525870485308,0.667415417621413
58ef6c00,2026-10-07T20:14:55.891586,NEU-DET,inclusion,inclusion_112.jpg,4x4,4,4,8,NEQR,1024,aer,12,4,8,129,89,61,"{""h"": 4, ""x"": 64, ""mcx"": 61}",0.0008573749801144004,0.0017729999963194132,2.562499139457941e-05,2.0208011846989393e-05,0.003179707971867174,0.0,100.0,1.0
959a367a,2026-10-07T20:14:55.895174,NEU-DET,inclusion,inclusion_113.jpg,4x4,4,4,8,FRQI,1024,aer,5,4,1,1092,705,384,"{""h"": 132, ""x"": 64, ""cx"": 384, ""tdg"": 192, ""t"": 256, ""ry"": 64}",0.001035124994814396,0.0046963749919086695,3.3582968171685934e-05,6.254197796806693e-05,0.008449000015389174,0.0018910631933728023,27.232939581594337,0.40705950232410903
84794867,2026-10-07T20:14:55.903647,NEU-DET,inclusion,inclusion_113.jpg,4x4,4,4,8,NEQR,1024,aer,12,4,8,133,93,65,"{""h"": 4, ""x"": 64, ""mcx"": 65}",0.000901999999769032,0.001756999990902841,2.3541972041130066e-05,1.991703175008297e-05,0.003186292015016079,0.0,100.0,1.0
c25306f1,2026-10-07T20:14:55.907244,NEU-DET,inclusion,inclusion_114.jpg,4x4,4,4,8,FRQI,1024,aer,5,4,1,1092,705,384,"{""h"": 132, ""x"": 64, ""cx"": 384, ""tdg"": 192, ""t"": 256, ""ry"": 64}",0.0011051669716835022,0.005208207992836833,3.766699228435755e-05,6.70839799568057e-05,0.007874082948546857,0.0025692376946647826,25.901957148438232,0.35457983723461073
47a5be9f,2026-10-07T20:14:55.915141,NEU-DET,inclusion,inclusion_114.jpg,4x4,4,4,8,NEQR,1024,aer,12,4,8,130,90,62,"{""h"": 4, ""x"": 64, ""mcx"": 62}",0.0019941249629482627,0.0016702080029062927,1.9875005818903446e-05,1.895800232887268e-05,0.004554542014375329,0.0,100.0,1.0
c1bc6eff,2026-10-07T20:14:55.920087,NEU-DET,inclusion,inclusion_115.jpg,4x4,4,4,8,FRQI,1024,aer,5,4,1,1092,705,384,"{""h"": 132, ""x"": 64, ""cx"": 384, ""tdg"": 192, ""t"": 256, ""ry"": 64}",0.0011320830089971423,0.005088333040475845,3.312499029561877e-05,6.154202856123447e-05,0.007797500002197921,0.0022148029167244018,26.546649132274336,0.46373054092568466
ead38b84,2026-10-07T20:14:55.927909,NEU-DET,inclusion,inclusion_115.jpg,4x4,4,4,8,NEQR,1024,aer,12,4,8,138,98,70,"{""h"": 4, ""x"": 64, ""mcx"": 70}",0.0009607080137357116,0.0017039169906638563,1.8416030798107386e-05,1.6707985196262598e-05,0.003200708015356213,0.0,100.0,1.0
42a86ec7,2026-10-07T20:14:55.931476,NEU-DET,inclusion,inclusion_116.jpg,4x4,4,4,8,FRQI,1024,aer,5,4,1,1092,705,384,"{""h"": 132, ""x"": 64, ""cx"": 384, ""tdg"": 192, ""t"": 256, ""ry"": 64}",0.0022917500464245677,0.0076684170053340495,3.574998117983341e-05,6.695801857858896e-05,0.01306591700995341,0.0029992070504121175,25.229935516637667,0.4354153619465976
93faf202,2026-10-07T20:14:55.944571,NEU-DET,inclusion,inclusion_116.jpg,4x4,4,4,8,NEQR,1024,aer,12,4,8,134,94,66,"{""h"": 4, ""x"": 64, ""mcx"": 66}",0.0009900000295601785,0.0018357910448685288,2.1499989088624716e-05,2.0832987502217293e-05,0.0033863330027088523,0.0,100.0,1.0
f38fb6e2,2026-10-07T20:14:55.949424,NEU-DET,patches,patches_1.jpg,4x4,4,4,8,FRQI,1024,aer,5,4,1,1092,705,384,"{""h"": 132, ""x"": 64, ""cx"": 384, ""tdg"": 192, ""t"": 256, ""ry"": 64}",0.001430167001672089,0.008444749983027577,3.712502075359225e-05,7.033400470390916e-05,0.011825249996036291,0.0014362716785947364,28.427634031614364,0.9651145427636123
1f936993,2026-10-07T20:14:55.961279,NEU-DET,patches,patches_1.jpg,4x4,4,4,8,NEQR,1024,aer,12,4,8,136,96,68,"{""h"": 4, ""x"": 64, ""mcx"": 68}",0.0009692079620435834,0.0022437500301748514,2.1832995116710663e-05,2.195802517235279e-05,0.003985833027400076,0.0,100.0,1.0
81ad5d24,2026-10-07T20:14:55.965873,NEU-DET,patches,patches_10.jpg,4x4,4,4,8,FRQI,1024,aer,5,4,1,1092,705,384,"{""h"": 132, ""x"": 64, ""cx"": 384, ""tdg"": 192, ""t"": 256, ""ry"": 64}",0.0011177920387126505,0.03421199996955693,3.787502646446228e-05,7.524999091401696e-05,0.036916499957442284,0.0031577790645896256,25.00618258870515,0.9439190939937632
86eadb15,2026-10-07T20:14:56.002821,NEU-DET,patches,patches_10.jpg,4x4,4,4,8,NEQR,1024,aer,12,4,8,136,96,68,"{""h"": 4, ""x"": 64, ""mcx"": 68}",0.0009495840058661997,0.0020220830338075757,2.1875021047890186e-05,2.041697734966874e-05,0.0036000830004923046,0.0,100.0,1.0
7b2d6442,2026-10-07T20:14:56.007045,NEU-DET,patches,patches_100.jpg,4x4,4,4,8,FRQI,1024,aer,5,4,1,1092,705,384,"{""h"": 132, ""x"": 64, ""cx"": 384, ""tdg"": 192, ""t"": 256, ""ry"": 64}",0.001070583995897323,0.004682332975789905,3.466603811830282e-05,6.895797559991479e-05,0.007294582959730178,0.002194807387293233,26.58603586723048,0.9768092655295937
3f4354ae,2026-10-07T20:14:56.014366,NEU-DET,patches,patches_100.jpg,4x4,4,4,8,NEQR,1024,aer,12,4,8,127,87,59,"{""h"": 4, ""x"": 64, ""mcx"": 59}",0.0009355000220239162,0.00206716702086851,2.2958964109420776e-05,2.2332998923957348e-05,0.0035893750027753413,0.0,100.0,1.0
2d6e438a,2026-10-07T20:14:56.018518,NEU-DET,patches,patches_101.jpg,4x4,4,4,8,FRQI,1024,aer,5,4,1,1092,705,384,"{""h"": 132, ""x"": 64, ""cx"": 384, ""tdg"": 192, ""t"": 256, ""ry"": 64}",0.0023308329982683063,0.00522833300055936,3.3791991882026196e-05,6.604194641113281e-05,0.010590582969598472,0.0012865090548196709,28.905871527537677,0.980039671091761
e5a1d6ef,2026-10-07T20:14:56.029136,NEU-DET,patches,patches_101.jpg,4x4,4,4,8,NEQR,1024,aer,12,4,8,129,89,61,"{""h"": 4, ""x"": 64, ""mcx"": 61}",0.0008735419833101332,0.0018220000201836228,2.1249987185001373e-05,1.937500201165676e-05,0.003214124997612089,0.0,100.0,1.0
9bb30cde,2026-10-07T20:14:56.032902,NEU-DET,patches,patches_102.jpg,4x4,4,4,8,FRQI,1024,aer,5,4,1,1092,705,384,"{""h"": 132, ""x"": 64, ""cx"": 384, ""tdg"": 192, ""t"": 256, ""ry"": 64}",0.001141499960795045,0.004843625007197261,3.583298530429602e-05,6.916600978001952e-05,0.007542666979134083,0.0024450590146102833,26.117106541639636,0.9322232715761959
ba590ce6,2026-10-07T20:14:56.040474,NEU-DET,patches,patches_102.jpg,4x4,4,4,8,NEQR,1024,aer,12,4,8,136,96,68,"{""h"": 4, ""x"": 64, ""mcx"": 68}",0.0009509159717708826,0.0021111660171300173,2.3625034373253584e-05,2.0749983377754688e-05,0.0036412920453585684,0.0,100.0,1.0
8cc9aaf2,2026-10-07T20:14:56.044671,NEU-DET,patches,patches_103.jpg,4x4,4,4,8,FRQI,1024,aer,5,4,1,1092,705,384,"{""h"": 132, ""x"": 64, ""cx"": 384, ""tdg"": 192, ""t"": 256, ""ry"": 64}",0.001026540994644165,0.0070465419557876885,3.649998689070344e-05,6.925000343471766e-05,0.00961083295987919,0.0020550131983435166,26.87185384518154,0.9402181285610239
d3c63824,2026-10-07T20:14:56.054303,NEU-DET,patches,patches_103.jpg,4x4,4,4,8,NEQR,1024,aer,12,4,8,127,87,59,"{""h"": 4, ""x"": 64, ""mcx"": 59}",0.000934540992602706,0.001958334003575146,2.316699828952551e-05,1.912500010803342e-05,0.003425832954235375,0.0,100.0,1.0
d910d19c,2026-10-07T20:14:56.058227,NEU-DET,patches,patches_104.jpg,4x4,4,4,8,FRQI,1024,aer,5,4,1,1092,705,384,"{""h"": 132, ""x"": 64, ""cx"": 384, ""tdg"": 192, ""t"": 256, ""ry"": 64}",0.0011240830062888563,0.004869958036579192,3.216695040464401e-05,6.779195973649621e-05,0.007535541953984648,0.002206249252317747,26.56345424447403,0.9350557878587259
48dc2ea1,2026-10-07T20:14:56.065787,NEU-DET,patches,patches_104.jpg,4x4,4,4,8,NEQR,1024,aer,12,4,8,148,108,80,"{""h"": 4, ""x"": 64, ""mcx"": 80}",0.0010885000228881836,0.0022082499926909804,2.237502485513687e-05,1.9042054191231728e-05,0.003953125036787242,0.0,100.0,1.0
2f80968f,2026-10-07T20:14:56.070352,NEU-DET,patches,patches_105.jpg,4x4,4,4,8,FRQI,1024,aer,5,4,1,1092,705,384,"{""h"": 132, ""x"": 64, ""cx"": 384, ""tdg"": 192, ""t"": 256, ""ry"": 64}",0.0012139169848524034,0.004670291033107787,3.2167008612304926e-05,6.154103903099895e-05,0.0074056669836863875,0.0012865090548196709,28.905871527537677,0.980039671091761
e641d1cc,2026-10-07T20:14:56.077780,NEU-DET,patches,patches_105.jpg,4x4,4,4,8,NEQR,1024,aer,12,4,8,129,89,61,"{""h"": 4, ""x"": 64, ""mcx"": 61}",0.000843707995954901,0.016693417041096836,2.4957989808171988e-05,2.3874978069216013e-05,0.01809033303288743,0.0,100.0,1.0
3438a110,2026-10-07T20:14:56.097792,NEU-DET,patches,patches_106.jpg,4x4,4,4,8,FRQI,1024,aer,5,4,1,1092,705,384,"{""h"": 132, ""x"": 64, ""cx"": 384, ""tdg"": 192, ""t"": 256, ""ry"": 64}",0.0024806250003166497,0.004835166968405247,3.474997356534004e-05,6.954197306185961e-05,0.010539459006395191,0.0014026227556445255,28.530591195434084,0.8329705517218753
e0239dde,2026-10-07T20:14:56.108367,NEU-DET,patches,patches_106.jpg,4x4,4,4,8,NEQR,1024,aer,12,4,8,127,87,59,"{""h"": 4, ""x"": 64, ""mcx"": 59}",0.0008496670052409172,0.0014132080250419676,2.0209001377224922e-05,1.850002445280552e-05,0.002882333006709814,0.0,100.0,1.0
17bd02f6,2026-10-07T20:14:56.111844,NEU-DET,patches,patches_107.jpg,4x4,4,4,8,FRQI,1024,aer,5,4,1,1092,705,384,"{""h"": 132, ""x"": 64, ""cx"": 384, ""tdg"": 192, ""t"": 256, ""ry"": 64}",0.0014778339536860585,0.004618916020262986,3.350002225488424e-05,6.225000834092498e-05,0.007686332974117249,0.002521268092566792,25.983809722799304,0.9477576775636715
538e4067,2026-10-07T20:14:56.119552,NEU-DET,patches,patches_107.jpg,4x4,4,4,8,NEQR,1024,aer,12,4,8,136,96,68,"{""h"": 4, ""x"": 64, ""mcx"": 68}",0.0009296250063925982,0.0019721249700523913,5.329196574166417e-05,3.995798761025071e-05,0.003569458029232919,0.0,100.0,1.0
57f2c2c1,2026-10-07T20:14:56.123818,NEU-DET,patches,patches_108.jpg,4x4,4,4,8,FRQI,1024,aer,5,4,1,1092,705,384,"{""h"": 132, ""x"": 64, ""cx"": 384, ""tdg"": 192, ""t"": 256, ""ry"": 64}",0.0010297499829903245,0.0050416659796610475,3.987504169344902e-05,7.18749943189323e-05,0.007599250006023794,0.0035017274139731705,24.55717663853607,0.9586689552795236
5df2a97c,2026-10-07T20:14:56.131447,NEU-DET,patches,patches_108.jpg,4x4,4,4,8,NEQR,1024,aer,12,4,8,140,100,72,"{""h"": 4, ""x"": 64, ""mcx"": 72}",0.0023985410225577652,0.0021289169671945274,2.31250305660069e-05,2.258399035781622e-05,0.0056671249913051724,0.0,100.0,1.0
8f06312a,2026-10-07T20:14:56.137719,NEU-DET,patches,patches_109.jpg,4x4,4,4,8,FRQI,1024,aer,5,4,1,1092,705,384,"{""h"": 132, ""x"": 64, ""cx"": 384, ""tdg"": 192, ""t"": 256, ""ry"": 64}",0.0011661670287139714,0.004757374990731478,3.412499791011214e-05,6.59169745631516e-05,0.007506375026423484,0.002822281580793925,25.493996585886222,0.9037273550551231
5d30843f,2026-10-07T20:14:56.145249,NEU-DET,patches,patches_109.jpg,4x4,4,4,8,NEQR,1024,aer,12,4,8,134,94,66,"{""h"": 4, ""x"": 64, ""mcx"": 66}",0.0009302080143243074,0.0019141249940730631,5.124998278915882e-05,3.883300814777613e-05,0.003514292009640485,0.0,100.0,1.0
f58fff58,2026-10-07T20:14:56.149506,NEU-DET,patches,patches_11.jpg,4x4,4,4,8,FRQI,1024,aer,5,4,1,1092,705,384,"{""h"": 132, ""x"": 64, ""cx"": 384, ""tdg"": 192, ""t"": 256, ""ry"": 64}",0.0023909169831313193,0.004659166967030615,3.5334029234945774e-05,6.370799383148551e-05,0.008970291004516184,0.0017767524719809176,27.503730716548187,0.9797220114902935
8f74dac9,2026-10-07T20:14:56.158504,NEU-DET,patches,patches_11.jpg,4x4,4,4,8,NEQR,1024,aer,12,4,8,143,103,75,"{""h"": 4, ""x"": 64, ""mcx"": 75}",0.0009829589980654418,0.0021834580111317337,2.162496093660593e-05,1.837499439716339e-05,0.0037049170350655913,0.0,100.0,1.0
53dcd3e9,2026-10-07T20:14:56.163095,NEU-DET,patches,patches_110.jpg,4x4,4,4,8,FRQI,1024,aer,5,4,1,1092,705,384,"{""h"": 132, ""x"": 64, ""cx"": 384, ""tdg"": 192, ""t"": 256, ""ry"": 64}",0.0025010419776663184,0.004834208986721933,3.416603431105614e-05,6.770796608179808e-05,0.01048175001051277,0.0027199141509106867,25.654448034563,0.9759518437064241
75aebe0f,2026-10-07T20:14:56.173609,NEU-DET,patches,patches_110.jpg,4x4,4,4,8,NEQR,1024,aer,12,4,8,136,96,68,"{""h"": 4, ""x"": 64, ""mcx"": 68}",0.0009448329801671207,0.0021391670452430844,2.062495332211256e-05,1.9458006136119366e-05,0.0036144580226391554,0.0,100.0,1.0
b9ea0bf9,2026-10-07T20:14:56.177783,NEU-DET,patches,patches_111.jpg,4x4,4,4,8,FRQI,1024,aer,5,4,1,1092,705,384,"{""h"": 132, ""x"": 64, ""cx"": 384, ""tdg"": 192, ""t"": 256, ""ry"": 64}",0.001175207959022373,0.0075026670238003135,3.104202914983034e-05,6.558396853506565e-05,0.010202166973613203,0.0037371192146166796,24.274630478757103,0.9666263737336215
d4faa91e,2026-10-07T20:14:56.188007,NEU-DET,patches,patches_111.jpg,4x4,4,4,8,NEQR,1024,aer,12,4,8,137,97,69,"{""h"": 4, ""x"": 64, ""mcx"": 69}",0.0010425840155221522,0.0019862079643644392,2.3457978386431932e-05,2.1041021682322025e-05,0.0036033749929629266,0.0,100.0,1.0
b22d01da,2026-10-07T20:14:56.192176,NEU-DET,patches,patches_112.jpg,4x4,4,4,8,FRQI,1024,aer,5,4,1,1092,705,384,"{""h"": 132, ""x"": 64, ""cx"": 384, ""tdg"": 192, ""t"": 256, ""ry"": 64}",0.0010815830319188535,0.00515579100465402,3.60840349458158e-05,6.587500683963299e-05,0.007776999962516129,0.001662626403068868,27.79205327036298,0.9826045357512195
9aed3eb4,2026-10-07T20:14:56.199975,NEU-DET,patches,patches_112.jpg,4x4,4,4,8,NEQR,1024,aer,12,4,8,139,99,71,"{""h"": 4, ""x"": 64, ""mcx"": 71}",0.0010342919849790633,0.0038065420230850577,2.7416972443461418e-05,2.212502295151353e-05,0.0055246250121854246,0.0,100.0,1.0
7134afdc,2026-10-07T20:14:56.206202,NEU-DET,patches,patches_113.jpg,4x4,4,4,8,FRQI,1024,aer,5,4,1,1092,705,384,"{""h"": 132, ""x"": 64, ""cx"": 384, ""tdg"": 192, ""t"": 256, ""ry"": 64}",0.0010652090422809124,0.004640875034965575,3.087497316300869e-05,6.216700421646237e-05,0.0072079579695127904,0.0018820980418926408,27.25357757134086,0.9798904113329805
28e259a4,2026-10-07T20:14:56.213431,NEU-DET,patches,patches_113.jpg,4x4,4,4,8,NEQR,1024,aer,12,4,8,136,96,68,"{""h"": 4, ""x"": 64, ""mcx"": 68}",0.0015790410107001662,0.0021527920034714043,2.0332983694970608e-05,2.0250037778168917e-05,0.004747416009195149,0.0,100.0,1.0
9197d4c7,2026-10-07T20:14:56.218891,NEU-DET,patches,patches_114.jpg,4x4,4,4,8,FRQI,1024,aer,5,4,1,1092,705,384,"{""h"": 132, ""x"": 64, ""cx"": 384, ""tdg"": 192, ""t"": 256, ""ry"": 64}",0.0010198749951086938,0.004682416969444603,3.16659570671618e-05,6.024999311193824e-05,0.007181041000876576,0.003002223758143632,25.225569425705523,0.9329201494083852
59bc9c13,2026-10-07T20:14:56.226092,NEU-DET,patches,patches_114.jpg,4x4,4,4,8,NEQR,1024,aer,12,4,8,130,90,62,"{""h"": 4, ""x"": 64, ""mcx"": 62}",0.0008430419838987291,0.0018440000130794942,1.8708000425249338e-05,1.7375044990330935e-05,0.0031951250275596976,0.0,100.0,1.0
18c2e41c,2026-10-07T20:14:56.229863,NEU-DET,patches,patches_115.jpg,4x4,4,4,8,FRQI,1024,aer,5,4,1,1092,705,384,"{""h"": 132, ""x"": 64, ""cx"": 384, ""tdg"": 192, ""t"": 256, ""ry"": 64}",0.0013611250324174762,0.005317041999660432,3.6792014725506306e-05,6.937497528269887e-05,0.008257666020654142,0.0026908950975101944,25.7010323254486,0.9525988715494007
8c15f771,2026-10-07T20:14:56.238145,NEU-DET,patches,patches_115.jpg,4x4,4,4,8,NEQR,1024,aer,12,4,8,135,95,67,"{""h"": 4, ""x"": 64, ""mcx"": 67}",0.0009335419745184481,0.0018839170224964619,2.0541949197649956e-05,1.8583028577268124e-05,0.0033435000223107636,0.0,100.0,1.0
ba8e1e40,2026-10-07T20:14:56.242029,NEU-DET,patches,patches_116.jpg,4x4,4,4,8,FRQI,1024,aer,5,4,1,1092,705,384,"{""h"": 132, ""x"": 64, ""cx"": 384, ""tdg"": 192, ""t"": 256, ""ry"": 64}",0.0011563749867491424,0.0052368330070748925,3.4541008062660694e-05,6.262498209252954e-05,0.007930333958938718,0.0020200199265286026,26.946443464252916,0.9593122578893926
d4121180,2026-10-07T20:14:56.249985,NEU-DET,patches,patches_116.jpg,4x4,4,4,8,NEQR,1024,aer,12,4,8,133,93,65,"{""h"": 4, ""x"": 64, ""mcx"": 65}",0.0020208339556120336,0.0020113339996896684,2.4457986000925303e-05,2.4582957848906517e-05,0.004999875032808632,0.0,100.0,1.0
666050de,2026-10-07T20:14:56.256061,NEU-DET,pitted_surface,pitted_surface_1.jpg,4x4,4,4,8,FRQI,1024,aer,5,4,1,1092,705,384,"{""h"": 132, ""x"": 64, ""cx"": 384, ""tdg"": 192, ""t"": 256, ""ry"": 64}",0.001533667033072561,0.007791999960318208,3.6959012504667044e-05,7.233297219499946e-05,0.011812666023615748,0.0017825660809500518,27.489543615826765,0.8229315632431145
5ecd410c,2026-10-07T20:14:56.267902,NEU-DET,pitted_surface,pitted_surface_1.jpg,4x4,4,4,8,NEQR,1024,aer,12,4,8,135,95,67,"{""h"": 4, ""x"": 64, ""mcx"": 67}",0.0014018340152688324,0.0018574580317363143,2.4541979655623436e-05,2.2499996703118086e-05,0.003933125000912696,0.0,100.0,1.0
175db165,2026-10-07T20:14:56.272324,NEU-DET,pitted_surface,pitted_surface_10.jpg,4x4,4,4,8,FRQI,1024,aer,5,4,1,1092,705,384,"{""h"": 132, ""x"": 64, ""cx"": 384, ""tdg"": 192, ""t"": 256, ""ry"": 64}",0.0011604579631239176,0.004737999988719821,3.754196222871542e-05,7.379200542345643e-05,0.0074866669601760805,0.001633044309565425,27.870020313449665,0.9293803330939451
056e445f,2026-10-07T20:14:56.279840,NEU-DET,pitted_surface,pitted_surface_10.jpg,4x4,4,4,8,NEQR,1024,aer,12,4,8,136,96,68,"{""h"": 4, ""x"": 64, ""mcx"": 68}",0.0009723749826662242,0.0036204999778419733,2.4083012249320745e-05,2.3124972358345985e-05,0.005222292034886777,0.0,100.0,1.0
fa606bae,2026-10-07T20:14:56.285533,NEU-DET,pitted_surface,pitted_surface_100.jpg,4x4,4,4,8,FRQI,1024,aer,5,4,1,1092,705,384,"{""h"": 132, ""x"": 64, ""cx"": 384, ""tdg"": 192, ""t"": 256, ""ry"": 64}",0.0011377089540474117,0.004874458012636751,2.6458001229912043e-05,6.470899097621441e-05,0.008739166951272637,0.0021528089573522825,26.669945082392033,0.5805638308214313
2dee9d1a,2026-10-07T20:14:56.294304,NEU-DET,pitted_surface,pitted_surface_100.jpg,4x4,4,4,8,NEQR,1024,aer,12,4,8,166,126,98,"{""h"": 4, ""x"": 64, ""mcx"": 98}",0.002255542029161006,0.002793000021483749,2.3874978069216013e-05,2.191704697906971e-05,0.006312999990768731,0.0,100.0,1.0
fedce452,2026-10-07T20:14:56.301040,NEU-DET,pitted_surface,pitted_surface_101.jpg,4x4,4,4,8,FRQI,1024,aer,5,4,1,1092,705,384,"{""h"": 132, ""x"": 64, ""cx"": 384, ""tdg"": 192, ""t"": 256, ""ry"": 64}",0.0011308749672025442,0.004846790980082005,2.7749978471547365e-05,6.445799954235554e-05,0.0075142079731449485,0.0021093786591579004,26.758454521137317,0.7445295124153841
405fc9e8,2026-10-07T20:14:56.308579,NEU-DET,pitted_surface,pitted_surface_101.jpg,4x4,4,4,8,NEQR,1024,aer,12,4,8,154,114,86,"{""h"": 4, ""x"": 64, ""mcx"": 86}",0.001158249971922487,0.002633000025525689,2.1957966964691877e-05,2.216699067503214e-05,0.004403416009154171,0.0,100.0,1.0
88497673,2026-10-07T20:14:56.313458,NEU-DET,pitted_surface,pitted_surface_102.jpg,4x4,4,4,8,FRQI,1024,aer,5,4,1,1092,705,384,"{""h"": 132, ""x"": 64, ""cx"": 384, ""tdg"": 192, ""t"": 256, ""ry"": 64}",0.001092290971428156,0.005317625007592142,2.8582988306879997e-05,7.091602310538292e-05,0.009429041005205363,0.003806613956843308,24.194611644028058,0.3254472149393415
0749473a,2026-10-07T20:14:56.322918,NEU-DET,pitted_surface,pitted_surface_102.jpg,4x4,4,4,8,NEQR,1024,aer,12,4,8,164,124,96,"{""h"": 4, ""x"": 64, ""mcx"": 96}",0.0012575840228237212,0.002820541965775192,2.091703936457634e-05,2.1000043489038944e-05,0.004750666965264827,0.0,100.0,1.0
97a3658c,2026-10-07T20:14:56.328209,NEU-DET,pitted_surface,pitted_surface_103.jpg,4x4,4,4,8,FRQI,1024,aer,5,4,1,1092,705,384,"{""h"": 132, ""x"": 64, ""cx"": 384, ""tdg"": 192, ""t"": 256, ""ry"": 64}",0.0011189999640919268,0.005034916976001114,3.6209006793797016e-05,6.816699169576168e-05,0.009017625008709729,0.0035100500778549267,24.546866874142566,0.9276039035695594
e14a62bf,2026-10-07T20:14:56.337260,NEU-DET,pitted_surface,pitted_surface_103.jpg,4x4,4,4,8,NEQR,1024,aer,12,4,8,141,101,73,"{""h"": 4, ""x"": 64, ""mcx"": 73}",0.0010001250193454325,0.0022451250115409493,1.9041995983570814e-05,1.89170241355896e-05,0.0037875830312259495,0.0,100.0,1.0
f165277f,2026-10-07T20:14:56.341610,NEU-DET,pitted_surface,pitted_surface_104.jpg,4x4,4,4,8,FRQI,1024,aer,5,4,1,1092,705,384,"{""h"": 132, ""x"": 64, ""cx"": 384, ""tdg"": 192, ""t"": 256, ""ry"": 64}",0.001097167027182877,0.004944207961671054,3.308302257210016e-05,6.749999010935426e-05,0.007610458007548004,0.002033321973627247,26.9179384600633,0.865992368228408
8b3ba8e5,2026-10-07T20:14:56.349243,NEU-DET,pitted_surface,pitted_surface_104.jpg,4x4,4,4,8,NEQR,1024,aer,12,4,8,130,90,62,"{""h"": 4, ""x"": 64, ""mcx"": 62}",0.001067084027454257,0.0024801670224405825,2.400000812485814e-05,2.2374966647475958e-05,0.00408812501700595,0.0,100.0,1.0
a22dcfd0,2026-10-07T20:14:56.353826,NEU-DET,pitted_surface,pitted_surface_105.jpg,4x4,4,4,8,FRQI,1024,aer,5,4,1,1092,705,384,"{""h"": 132, ""x"": 64, ""cx"": 384, ""tdg"": 192, ""t"": 256, ""ry"": 64}",0.0011025830172002316,0.004831583006307483,3.720802487805486e-05,7.275003008544445e-05,0.007533875002991408,0.0016646367602783036,27.78680519044808,0.7361446877090356
2c3bb5cc,2026-10-07T20:14:56.361385,NEU-DET,pitted_surface,pitted_surface_105.jpg,4x4,4,4,8,NEQR,1024,aer,12,4,8,143,103,75,"{""h"": 4, ""x"": 64, ""mcx"": 75}",0.001026500016450882,0.002528583980165422,2.4957989808171988e-05,2.1499989088624716e-05,0.004222583025693893,0.0,100.0,1.0
e76ada40,2026-10-07T20:14:56.366028,NEU-DET,pitted_surface,pitted_surface_106.jpg,4x4,4,4,8,FRQI,1024,aer,5,4,1,1092,705,384,"{""h"": 132, ""x"": 64, ""cx"": 384, ""tdg"": 192, ""t"": 256, ""ry"": 64}",0.0010067920084111392,0.005721917026676238,3.225001273676753e-05,6.612500874325633e-05,0.008247041958384216,0.002550196159193086,25.934264126724607,0.9090141080486207
364dbadb,2026-10-07T20:14:56.374299,NEU-DET,pitted_surface,pitted_surface_106.jpg,4x4,4,4,8,NEQR,1024,aer,12,4,8,124,84,56,"{""h"": 4, ""x"": 64, ""mcx"": 56}",0.0008266660152003169,0.0018777920049615204,2.0250037778168917e-05,1.791701652109623e-05,0.003202791966032237,0.0,100.0,1.0
39f3088d,2026-10-07T20:14:56.378040,NEU-DET,pitted_surface,pitted_surface_107.jpg,4x4,4,4,8,FRQI,1024,aer,5,4,1,1092,705,384,"{""h"": 132, ""x"": 64, ""cx"": 384, ""tdg"": 192, ""t"": 256, ""ry"": 64}",0.002347624977119267,0.004761709016747773,3.508396912366152e-05,7.158401422202587e-05,0.00879945803899318,0.002131655541730347,26.712829724465358,0.917226843842459
99aea29d,2026-10-07T20:14:56.386869,NEU-DET,pitted_surface,pitted_surface_107.jpg,4x4,4,4,8,NEQR,1024,aer,12,4,8,124,84,56,"{""h"": 4, ""x"": 64, ""mcx"": 56}",0.0018797090160660446,0.0016827499493956566,1.9208004232496023e-05,1.9625003915280104e-05,0.004432042012922466,0.0,100.0,1.0
e46213f9,2026-10-07T20:14:56.391935,NEU-DET,pitted_surface,pitted_surface_108.jpg,4x4,4,4,8,FRQI,1024,aer,5,4,1,1092,705,384,"{""h"": 132, ""x"": 64, ""cx"": 384, ""tdg"": 192, ""t"": 256, ""ry"": 64}",0.002609417017083615,0.009113625041209161,3.629102138802409e-05,6.862496957182884e-05,0.014843584038317204,0.0017805058565121775,27.494565934883294,0.8025999290908439
70b7a801,2026-10-07T20:14:56.406811,NEU-DET,pitted_surface,pitted_surface_108.jpg,4x4,4,4,8,NEQR,1024,aer,12,4,8,126,86,58,"{""h"": 4, ""x"": 64, ""mcx"": 58}",0.0008647080394439399,0.0018911249935626984,2.0665989723056555e-05,1.9708008039742708e-05,0.003284249978605658,0.0,100.0,1.0
8326a2ac,2026-10-07T20:14:56.410560,NEU-DET,pitted_surface,pitted_surface_109.jpg,4x4,4,4,8,FRQI,1024,aer,5,4,1,1092,705,384,"{""h"": 132, ""x"": 64, ""cx"": 384, ""tdg"": 192, ""t"": 256, ""ry"": 64}",0.0010790840024128556,0.005030790984164923,3.466696944087744e-05,6.699998630210757e-05,0.00765154097462073,0.0016428907761239398,27.843913086911982,0.8662045774866988
10c21344,2026-10-07T20:14:56.418235,NEU-DET,pitted_surface,pitted_surface_109.jpg,4x4,4,4,8,NEQR,1024,aer,12,4,8,135,95,67,"{""h"": 4, ""x"": 64, ""mcx"": 67}",0.0010339589789509773,0.0028571669827215374,2.2833002731204033e-05,2.358300844207406e-05,0.004480832954868674,0.0,100.0,1.0
5b9d43bd,2026-10-07T20:14:56.423155,NEU-DET,pitted_surface,pitted_surface_11.jpg,4x4,4,4,8,FRQI,1024,aer,5,4,1,1092,705,384,"{""h"": 132, ""x"": 64, ""cx"": 384, ""tdg"": 192, ""t"": 256, ""ry"": 64}",0.0010574159678071737,0.004839916015043855,3.74580267816782e-05,7.137499051168561e-05,0.007471415970940143,0.0031779369551588796,24.978547227039055,0.8450698783807398
e4ced040,2026-10-07T20:14:56.430657,NEU-DET,pitted_surface,pitted_surface_11.jpg,4x4,4,4,8,NEQR,1024,aer,12,4,8,134,94,66,"{""h"": 4, ""x"": 64, ""mcx"": 66}",0.001094167004339397,0.0034568330156616867,2.1832995116710663e-05,2.012500772252679e-05,0.005094667023513466,0.0,100.0,1.0
9f39beee,2026-10-07T20:14:56.436280,NEU-DET,pitted_surface,pitted_surface_110.jpg,4x4,4,4,8,FRQI,1024,aer,5,4,1,1092,705,384,"{""h"": 132, ""x"": 64, ""cx"": 384, ""tdg"": 192, ""t"": 256, ""ry"": 64}",0.001257791998796165,0.004769249993842095,3.429199568927288e-05,6.833299994468689e-05,0.007619708019774407,0.002606887199540603,25.838777604223615,0.8842550190046798
bc31897c,2026-10-07T20:14:56.443925,NEU-DET,pitted_surface,pitted_surface_110.jpg,4x4,4,4,8,NEQR,1024,aer,12,4,8,131,91,63,"{""h"": 4, ""x"": 64, ""mcx"": 63}",0.0009272089810110629,0.0023023340036161244,5.829200381413102e-05,4.675000673159957e-05,0.004502499999944121,0.0,100.0,1.0
b2d86511,2026-10-07T20:14:56.448921,NEU-DET,pitted_surface,pitted_surface_111.jpg,4x4,4,4,8,FRQI,1024,aer,5,4,1,1092,705,384,"{""h"": 132, ""x"": 64, ""cx"": 384, ""tdg"": 192, ""t"": 256, ""ry"": 64}",0.0011085830046795309,0.004925584013108164,3.812502836808562e-05,7.054099114611745e-05,0.008960624982137233,0.002456907451289305,26.09611202555886,0.9036255862725184
2046bcc8,2026-10-07T20:14:56.457911,NEU-DET,pitted_surface,pitted_surface_111.jpg,4x4,4,4,8,NEQR,1024,aer,12,4,8,139,99,71,"{""h"": 4, ""x"": 64, ""mcx"": 71}",0.0009807500173337758,0.002242457994725555,1.9291997887194157e-05,1.9708008039742708e-05,0.00377408298663795,0.0,100.0,1.0
fd8eea4b,2026-10-07T20:14:56.462164,NEU-DET,pitted_surface,pitted_surface_112.jpg,4x4,4,4,8,FRQI,1024,aer,5,4,1,1092,705,384,"{""h"": 132, ""x"": 64, ""cx"": 384, ""tdg"": 192, ""t"": 256, ""ry"": 64}",0.0011522910208441317,0.004829749988857657,3.379205008968711e-05,6.658298661932349e-05,0.007543416984844953,0.002047402047195702,26.88796866798311,0.9195682559958878
ea62d82e,2026-10-07T20:14:56.469733,NEU-DET,pitted_surface,pitted_surface_112.jpg,4x4,4,4,8,NEQR,1024,aer,12,4,8,136,96,68,"{""h"": 4, ""x"": 64, ""mcx"": 68}",0.0009525000350549817,0.003151874989271164,2.5290995836257935e-05,2.4749955628067255e-05,0.004864499962422997,0.0,100.0,1.0
7736210d,2026-10-07T20:14:56.475071,NEU-DET,pitted_surface,pitted_surface_113.jpg,4x4,4,4,8,FRQI,1024,aer,5,4,1,1092,705,384,"{""h"": 132, ""x"": 64, ""cx"": 384, ""tdg"": 192, ""t"": 256, ""ry"": 64}",0.001176416000816971,0.0060801669606007636,3.6375015042722225e-05,6.96660135872662e-05,0.008870207995641977,0.0027686719218211276,25.57728503620345,0.842126268438048
69f89a97,2026-10-07T20:14:56.483969,NEU-DET,pitted_surface,pitted_surface_113.jpg,4x4,4,4,8,NEQR,1024,aer,12,4,8,145,105,77,"{""h"": 4, ""x"": 64, ""mcx"": 77}",0.002393707982264459,0.002428709005471319,2.2082997020334005e-05,2.1083978936076164e-05,0.005861082987394184,0.0,100.0,1.0
16e363df,2026-10-07T20:14:56.490269,NEU-DET,pitted_surface,pitted_surface_114.jpg,4x4,4,4,8,FRQI,1024,aer,5,4,1,1092,705,384,"{""h"": 132, ""x"": 64, ""cx"": 384, ""tdg"": 192, ""t"": 256, ""ry"": 64}",0.0011677499860525131,0.0047746250056661665,3.0291033908724785e-05,6.729201413691044e-05,0.00749175000237301,0.0018472576970409538,27.334725151736095,0.9172527886605789
45e9221f,2026-10-07T20:14:56.498043,NEU-DET,pitted_surface,pitted_surface_114.jpg,4x4,4,4,8,NEQR,1024,aer,12,4,8,159,119,91,"{""h"": 4, ""x"": 64, ""mcx"": 91}",0.0032058340148068964,0.0027020000270567834,2.2792024537920952e-05,2.304196823388338e-05,0.0071591250016354024,0.0,100.0,1.0
9a166520,2026-10-07T20:14:56.505744,NEU-DET,pitted_surface,pitted_surface_115.jpg,4x4,4,4,8,FRQI,1024,aer,5,4,1,1092,705,384,"{""h"": 132, ""x"": 64, ""cx"": 384, ""tdg"": 192, ""t"": 256, ""ry"": 64}",0.001146750000771135,0.004841124988161027,2.9375019948929548e-05,6.687501445412636e-05,0.008822083997074515,0.0025967504705034106,25.855697810176117,0.652258243870319
ebcca5f3,2026-10-07T20:14:56.514592,NEU-DET,pitted_surface,pitted_surface_115.jpg,4x4,4,4,8,NEQR,1024,aer,12,4,8,164,124,96,"{""h"": 4, ""x"": 64, ""mcx"": 96}",0.0031102499924600124,0.002753541979473084,2.104195300489664e-05,2.0332983694970608e-05,0.007068999984767288,0.0,100.0,1.0
b0040979,2026-10-07T20:14:56.522096,NEU-DET,pitted_surface,pitted_surface_116.jpg,4x4,4,4,8,FRQI,1024,aer,5,4,1,1092,705,384,"{""h"": 132, ""x"": 64, ""cx"": 384, ""tdg"": 192, ""t"": 256, ""ry"": 64}",0.0011732499697245657,0.005455375008750707,3.249995643272996e-05,6.78329961374402e-05,0.008155582996550947,0.004285501078332568,23.67998391282886,0.6371020925500438
d152806c,2026-10-07T20:14:56.530277,NEU-DET,pitted_surface,pitted_surface_116.jpg,4x4,4,4,8,NEQR,1024,aer,12,4,8,150,110,82,"{""h"": 4, ""x"": 64, ""mcx"": 82}",0.0026158749824389815,0.0025587500422261655,2.1249987185001373e-05,2.0041014067828655e-05,0.006261333008296788,0.0,100.0,1.0
13924a75,2026-10-07T20:14:56.537605,NEU-DET,rolled-in_scale,rolled-in_scale_1.jpg,4x4,4,4,8,FRQI,1024,aer,5,4,1,1092,705,384,"{""h"": 132, ""x"": 64, ""cx"": 384, ""tdg"": 192, ""t"": 256, ""ry"": 64}",0.0010510829742997885,0.004792541032657027,3.166601527482271e-05,6.804196164011955e-05,0.007383791962638497,0.002253019905613003,26.47234971232362,0.6908876657737888
c8963721,2026-10-07T20:14:56.545014,NEU-DET,rolled-in_scale,rolled-in_scale_1.jpg,4x4,4,4,8,NEQR,1024,aer,12,4,8,129,89,61,"{""h"": 4, ""x"": 64, ""mcx"": 61}",0.0008792500011622906,0.0020967090385966003,2.0874955225735903e-05,1.941696973517537e-05,0.0035325419739820063,0.0,100.0,1.0
455dac9c,2026-10-07T20:14:56.548988,NEU-DET,rolled-in_scale,rolled-in_scale_10.jpg,4x4,4,4,8,FRQI,1024,aer,5,4,1,1092,705,384,"{""h"": 132, ""x"": 64, ""cx"": 384, ""tdg"": 192, ""t"": 256, ""ry"": 64}",0.0025208750157617033,0.005100790993310511,3.57080134563148e-05,7.095799082890153e-05,0.010553209052886814,0.0027168439624766162,25.659353038645385,0.5532313072242676
2a80809c,2026-10-07T20:14:56.559566,NEU-DET,rolled-in_scale,rolled-in_scale_10.jpg,4x4,4,4,8,NEQR,1024,aer,12,4,8,136,96,68,"{""h"": 4, ""x"": 64, ""mcx"": 68}",0.0009547080262564123,0.0019652079790830612,2.3291970137506723e-05,2.0666979253292084e-05,0.0034658750519156456,0.0,100.0,1.0
d97e26c7,2026-10-07T20:14:56.563517,NEU-DET,rolled-in_scale,rolled-in_scale_100.jpg,4x4,4,4,8,FRQI,1024,aer,5,4,1,1092,705,384,"{""h"": 132, ""x"": 64, ""cx"": 384, ""tdg"": 192, ""t"": 256, ""ry"": 64}",0.0015102910110726953,0.0048178750439547,3.345799632370472e-05,6.662501255050302e-05,0.007903957972303033,0.0029423893016849592,25.312998671665042,0.5727393464310123
a8a72492,2026-10-07T20:14:56.571446,NEU-DET,rolled-in_scale,rolled-in_scale_100.jpg,4x4,4,4,8,NEQR,1024,aer,12,4,8,131,91,63,"{""h"": 4, ""x"": 64, ""mcx"": 63}",0.0008883750415407121,0.001844500016886741,2.1916988771408796e-05,1.9208993762731552e-05,0.0032982080010697246,0.0,100.0,1.0
44931266,2026-10-07T20:14:56.575533,NEU-DET,rolled-in_scale,rolled-in_scale_101.jpg,4x4,4,4,8,FRQI,1024,aer,5,4,1,1092,705,384,"{""h"": 132, ""x"": 64, ""cx"": 384, ""tdg"": 192, ""t"": 256, ""ry"": 64}",0.0024848750326782465,0.010289666010066867,3.645801916718483e-05,7.408298552036285e-05,0.01598200004082173,0.0021692182539999596,26.636967496274643,0.7918412449588045
31ff61c8,2026-10-07T20:14:56.591549,NEU-DET,rolled-in_scale,rolled-in_scale_101.jpg,4x4,4,4,8,NEQR,1024,aer,12,4,8,138,98,70,"{""h"": 4, ""x"": 64, ""mcx"": 70}",0.001087707991246134,0.001954499981366098,2.3416010662913322e-05,2.0415987819433212e-05,0.003606832993682474,0.0,100.0,1.0
025efcfd,2026-10-07T20:14:56.595620,NEU-DET,rolled-in_scale,rolled-in_scale_102.jpg,4x4,4,4,8,FRQI,1024,aer,5,4,1,1092,705,384,"{""h"": 132, ""x"": 64, ""cx"": 384, ""tdg"": 192, ""t"": 256, ""ry"": 64}",0.0024911669897846878,0.00486104201991111,8.466700091958046e-05,0.00014708394883200526,0.009449083008803427,0.002715482785146683,25.661529460805234,0.6805055195982119
ac78b06c,2026-10-07T20:14:56.605116,NEU-DET,rolled-in_scale,rolled-in_scale_102.jpg,4x4,4,4,8,NEQR,1024,aer,12,4,8,136,96,68,"{""h"": 4, ""x"": 64, ""mcx"": 68}",0.0012008330086246133,0.0019210839527659118,2.3208034690469503e-05,2.2042018827050924e-05,0.003851959016174078,0.0,100.0,1.0
92fb872a,2026-10-07T20:14:56.609460,NEU-DET,rolled-in_scale,rolled-in_scale_103.jpg,4x4,4,4,8,FRQI,1024,aer,5,4,1,1092,705,384,"{""h"": 132, ""x"": 64, ""cx"": 384, ""tdg"": 192, ""t"": 256, ""ry"": 64}",0.0010759580181911588,0.007477250008378178,3.545900108292699e-05,6.979197496548295e-05,0.01012916601030156,0.0028049721144946193,25.52071451905613,0.6729454055830084
69102fd2,2026-10-07T20:14:56.619613,NEU-DET,rolled-in_scale,rolled-in_scale_103.jpg,4x4,4,4,8,NEQR,1024,aer,12,4,8,130,90,62,"{""h"": 4, ""x"": 64, ""mcx"": 62}",0.0008821670198813081,0.0020426660194061697,1.9915984012186527e-05,1.8291000742465258e-05,0.003415958024561405,0.0,100.0,1.0
e6d01118,2026-10-07T20:14:56.623793,NEU-DET,rolled-in_scale,rolled-in_scale_104.jpg,4x4,4,4,8,FRQI,1024,aer,5,4,1,1092,705,384,"{""h"": 132, ""x"": 64, ""cx"": 384, ""tdg"": 192, ""t"": 256, ""ry"": 64}",0.002515624975785613,0.0128340829978697,3.566598752513528e-05,6.962503539398313e-05,0.018475292017683387,0.003132730984150613,25.040768975265713,0.6760977294903492
6dcbef32,2026-10-07T20:14:56.642297,NEU-DET,rolled-in_scale,rolled-in_scale_104.jpg,4x4,4,4,8,NEQR,1024,aer,12,4,8,127,87,59,"{""h"": 4, ""x"": 64, ""mcx"": 59}",0.000848374969791621,0.0017738750320859253,1.9167026039212942e-05,1.8874998204410076e-05,0.0031385410111397505,0.0,100.0,1.0
56aaf741,2026-10-07T20:14:56.646070,NEU-DET,rolled-in_scale,rolled-in_scale_105.jpg,4x4,4,4,8,FRQI,1024,aer,5,4,1,1092,705,384,"{""h"": 132, ""x"": 64, ""cx"": 384, ""tdg"": 192, ""t"": 256, ""ry"": 64}",0.0011530829942785203,0.006319917039945722,3.425002796575427e-05,6.629101699218154e-05,0.009074750007130206,0.0025261280852615056,25.9754463267538,0.5904990716383599
9a3c915d,2026-10-07T20:14:56.655170,NEU-DET,rolled-in_scale,rolled-in_scale_105.jpg,4x4,4,4,8,NEQR,1024,aer,12,4,8,140,100,72,"{""h"": 4, ""x"": 64, ""mcx"": 72}",0.0009929579682648182,0.002041290979832411,2.0291015971451998e-05,1.8375052604824305e-05,0.0035755829885601997,0.0,100.0,1.0
98aa04dc,2026-10-07T20:14:56.659245,NEU-DET,rolled-in_scale,rolled-in_scale_106.jpg,4x4,4,4,8,FRQI,1024,aer,5,4,1,1092,705,384,"{""h"": 132, ""x"": 64, ""cx"": 384, ""tdg"": 192, ""t"": 256, ""ry"": 64}",0.0010637080413289368,0.00493874994572252,3.783300053328276e-05,7.058295886963606e-05,0.007625166967045516,0.0026616280436668207,25.748526362654772,0.4979130637266782
f7c2b9ff,2026-10-07T20:14:56.666901,NEU-DET,rolled-in_scale,rolled-in_scale_106.jpg,4x4,4,4,8,NEQR,1024,aer,12,4,8,139,99,71,"{""h"": 4, ""x"": 64, ""mcx"": 71}",0.002753332955762744,0.0020813330193050206,2.575002145022154e-05,2.5040993932634592e-05,0.0059209580067545176,0.0,100.0,1.0
ec6c5ca9,2026-10-07T20:14:56.673370,NEU-DET,rolled-in_scale,rolled-in_scale_107.jpg,4x4,4,4,8,FRQI,1024,aer,5,4,1,1092,705,384,"{""h"": 132, ""x"": 64, ""cx"": 384, ""tdg"": 192, ""t"": 256, ""ry"": 64}",0.0010726250475272536,0.006062040978576988,3.708299482241273e-05,7.112498860806227e-05,0.008761541976127774,0.0023336689180526162,26.319607580858467,0.6227410548789485
6cd35fcd,2026-10-07T20:14:56.682158,NEU-DET,rolled-in_scale,rolled-in_scale_107.jpg,4x4,4,4,8,NEQR,1024,aer,12,4,8,138,98,70,"{""h"": 4, ""x"": 64, ""mcx"": 70}",0.0011046670260839164,0.0019308340270072222,2.050003968179226e-05,2.0749983377754688e-05,0.003651166975032538,0.0,100.0,1.0
a36e9360,2026-10-07T20:14:56.686342,NEU-DET,rolled-in_scale,rolled-in_scale_108.jpg,4x4,4,4,8,FRQI,1024,aer,5,4,1,1092,705,384,"{""h"": 132, ""x"": 64, ""cx"": 384, ""tdg"": 192, ""t"": 256, ""ry"": 64}",0.0010650829644873738,0.00503075000597164,3.491697134450078e-05,7.050001295283437e-05,0.007672750041820109,0.0021809522216581717,26.61353848450412,0.5223853859335105
a0a7600e,2026-10-07T20:14:56.694044,NEU-DET,rolled-in_scale,rolled-in_scale_108.jpg,4x4,4,4,8,NEQR,1024,aer,12,4,8,148,108,80,"{""h"": 4, ""x"": 64, ""mcx"": 80}",0.0016582499956712127,0.0022775419638492167,2.241699257865548e-05,2.19999928958714e-05,0.0051568340277299285,0.0,100.0,1.0
344a7825,2026-10-07T20:14:56.699810,NEU-DET,rolled-in_scale,rolled-in_scale_109.jpg,4x4,4,4,8,FRQI,1024,aer,5,4,1,1092,705,384,"{""h"": 132, ""x"": 64, ""cx"": 384, ""tdg"": 192, ""t"": 256, ""ry"": 64}",0.0011114579974673688,0.0048212920082733035,3.6999990697950125e-05,7.025001104921103e-05,0.0075345420045778155,0.0026555773503132533,25.758410441507085,0.7616050469232956
9510a139,2026-10-07T20:14:56.707373,NEU-DET,rolled-in_scale,rolled-in_scale_109.jpg,4x4,4,4,8,NEQR,1024,aer,12,4,8,137,97,69,"{""h"": 4, ""x"": 64, ""mcx"": 69}",0.0009874579845927656,0.0018595419824123383,2.1792016923427582e-05,1.9916973542422056e-05,0.003523290972225368,0.0,100.0,1.0
74a7f25e,2026-10-07T20:14:56.711584,NEU-DET,rolled-in_scale,rolled-in_scale_11.jpg,4x4,4,4,8,FRQI,1024,aer,5,4,1,1092,705,384,"{""h"": 132, ""x"": 64, ""cx"": 384, ""tdg"": 192, ""t"": 256, ""ry"": 64}",0.0012222499935887754,0.004777625028509647,3.3833959605544806e-05,6.416602991521358e-05,0.0075468749855645,0.0022248740701363407,26.526945654437842,0.6969104231785708
6399e22e,2026-10-07T20:14:56.719152,NEU-DET,rolled-in_scale,rolled-in_scale_11.jpg,4x4,4,4,8,NEQR,1024,aer,12,4,8,132,92,64,"{""h"": 4, ""x"": 64, ""mcx"": 64}",0.0009609590051695704,0.002143374993465841,2.2707972675561905e-05,2.054200740531087e-05,0.0036494999658316374,0.0,100.0,1.0
567c03aa,2026-10-07T20:14:56.723459,NEU-DET,rolled-in_scale,rolled-in_scale_110.jpg,4x4,4,4,8,FRQI,1024,aer,5,4,1,1092,705,384,"{""h"": 132, ""x"": 64, ""cx"": 384, ""tdg"": 192, ""t"": 256, ""ry"": 64}",0.002548040996771306,0.005276791984215379,3.5999983083456755e-05,7.095799082890153e-05,0.011089000036008656,0.0024453519037157157,26.116586339453868,0.5306346588086415
12867a76,2026-10-07T20:14:56.734580,NEU-DET,rolled-in_scale,rolled-in_scale_110.jpg,4x4,4,4,8,NEQR,1024,aer,12,4,8,140,100,72,"{""h"": 4, ""x"": 64, ""mcx"": 72}",0.0010274159722030163,0.0020035000052303076,2.041697734966874e-05,1.850002445280552e-05,0.003625250014010817,0.0,100.0,1.0
a4998b7e,2026-10-07T20:14:56.738664,NEU-DET,rolled-in_scale,rolled-in_scale_111.jpg,4x4,4,4,8,FRQI,1024,aer,5,4,1,1092,705,384,"{""h"": 132, ""x"": 64, ""cx"": 384, ""tdg"": 192, ""t"": 256, ""ry"": 64}",0.00115462503163144,0.0055429579806514084,3.524997737258673e-05,6.870797369629145e-05,0.008280833018943667,0.0025553236978254064,25.925540774177442,0.6735328924608753
1d95e07f,2026-10-07T20:14:56.746968,NEU-DET,rolled-in_scale,rolled-in_scale_111.jpg,4x4,4,4,8,NEQR,1024,aer,12,4,8,138,98,70,"{""h"": 4, ""x"": 64, ""mcx"": 70}",0.0009666249970905483,0.002288916031830013,2.212502295151353e-05,2.0082981791347265e-05,0.0038410829729400575,0.0,100.0,1.0
cf1c01a2,2026-10-07T20:14:56.751238,NEU-DET,rolled-in_scale,rolled-in_scale_112.jpg,4x4,4,4,8,FRQI,1024,aer,5,4,1,1092,705,384,"{""h"": 132, ""x"": 64, ""cx"": 384, ""tdg"": 192, ""t"": 256, ""ry"": 64}",0.00108804099727422,0.005040624993853271,3.770797047764063e-05,8.91250092536211e-05,0.007785833964589983,0.0026613711040014195,25.74894562809464,0.5846586887351669
ec9a7abf,2026-10-07T20:14:56.759049,NEU-DET,rolled-in_scale,rolled-in_scale_112.jpg,4x4,4,4,8,NEQR,1024,aer,12,4,8,143,103,75,"{""h"": 4, ""x"": 64, ""mcx"": 75}",0.0010348749929107726,0.0019312090007588267,1.995800994336605e-05,2.0417035557329655e-05,0.0035288340295664966,0.0,100.0,1.0
4044664c,2026-10-07T20:14:56.763039,NEU-DET,rolled-in_scale,rolled-in_scale_113.jpg,4x4,4,4,8,FRQI,1024,aer,5,4,1,1092,705,384,"{""h"": 132, ""x"": 64, ""cx"": 384, ""tdg"": 192, ""t"": 256, ""ry"": 64}",0.0026548330206424,0.005364124954212457,3.5958015359938145e-05,6.983400089666247e-05,0.011224624991882592,0.002603341386768087,25.84468877350609,0.5789107717965287
56b0100e,2026-10-07T20:14:56.774288,NEU-DET,rolled-in_scale,rolled-in_scale_113.jpg,4x4,4,4,8,NEQR,1024,aer,12,4,8,147,107,79,"{""h"": 4, ""x"": 64, ""mcx"": 79}",0.0011920839897356927,0.002316166996024549,2.1249987185001373e-05,1.979200169444084e-05,0.00409037503413856,0.0,100.0,1.0
a7ca1012,2026-10-07T20:14:56.778880,NEU-DET,rolled-in_scale,rolled-in_scale_114.jpg,4x4,4,4,8,FRQI,1024,aer,5,4,1,1092,705,384,"{""h"": 132, ""x"": 64, ""cx"": 384, ""tdg"": 192, ""t"": 256, ""ry"": 64}",0.001098542008548975,0.0058750000316649675,3.479100996628404e-05,6.387499161064625e-05,0.008563917013816535,0.0030760256801692504,25.120100431523863,0.4017264640040453
097671a6,2026-10-07T20:14:56.787471,NEU-DET,rolled-in_scale,rolled-in_scale_114.jpg,4x4,4,4,8,NEQR,1024,aer,12,4,8,144,104,76,"{""h"": 4, ""x"": 64, ""mcx"": 76}",0.0014556670212186873,0.0023581249988637865,2.6166962925344706e-05,2.345896791666746e-05,0.0044455419993028045,0.0,100.0,1.0
424054cd,2026-10-07T20:14:56.792451,NEU-DET,rolled-in_scale,rolled-in_scale_115.jpg,4x4,4,4,8,FRQI,1024,aer,5,4,1,1092,705,384,"{""h"": 132, ""x"": 64, ""cx"": 384, ""tdg"": 192, ""t"": 256, ""ry"": 64}",0.0011125419987365603,0.0050651669735088944,3.6999990697950125e-05,7.354101398959756e-05,0.007789750001393259,0.0025336853312459716,25.962473229132186,0.48546529467262345
751193ae,2026-10-07T20:14:56.800274,NEU-DET,rolled-in_scale,rolled-in_scale_115.jpg,4x4,4,4,8,NEQR,1024,aer,12,4,8,148,108,80,"{""h"": 4, ""x"": 64, ""mcx"": 80}",0.0011075420188717544,0.0019370840163901448,2.2333988454192877e-05,1.8499966245144606e-05,0.0038029159768484533,0.0,100.0,1.0
f3fff027,2026-10-07T20:14:56.804740,NEU-DET,rolled-in_scale,rolled-in_scale_116.jpg,4x4,4,4,8,FRQI,1024,aer,5,4,1,1092,705,384,"{""h"": 132, ""x"": 64, ""cx"": 384, ""tdg"": 192, ""t"": 256, ""ry"": 64}",0.0011116669629700482,0.004825083015020937,3.358302637934685e-05,6.062502507120371e-05,0.00749250000808388,0.002487380748036298,26.04257731370684,0.683816760130579
16c7be5a,2026-10-07T20:14:56.812253,NEU-DET,rolled-in_scale,rolled-in_scale_116.jpg,4x4,4,4,8,NEQR,1024,aer,12,4,8,141,101,73,"{""h"": 4, ""x"": 64, ""mcx"": 73}",0.0009717079810798168,0.002926332992501557,6.287504220381379e-05,7.912499131634831e-05,0.005009500018786639,0.0,100.0,1.0
93e99723,2026-10-07T20:14:56.819268,NEU-DET,scratches,scratches_1.jpg,4x4,4,4,8,FRQI,1024,aer,5,4,1,1092,705,384,"{""h"": 132, ""x"": 64, ""cx"": 384, ""tdg"": 192, ""t"": 256, ""ry"": 64}",0.003107083961367607,0.006631208001635969,9.304197737947106e-05,7.637497037649155e-05,0.013134584005456418,0.0034321088656348933,24.64438944892492,0.3810413657738132
08c5c4e1,2026-10-07T20:14:56.832462,NEU-DET,scratches,scratches_1.jpg,4x4,4,4,8,NEQR,1024,aer,12,4,8,139,99,71,"{""h"": 4, ""x"": 64, ""mcx"": 71}",0.0013178749941289425,0.0021214589942246675,2.5124987587332726e-05,2.4833017960190773e-05,0.004352999967522919,0.0,100.0,1.0
97fe8d56,2026-10-07T20:14:56.837585,NEU-DET,scratches,scratches_10.jpg,4x4,4,4,8,FRQI,1024,aer,5,4,1,1092,705,384,"{""h"": 132, ""x"": 64, ""cx"": 384, ""tdg"": 192, ""t"": 256, ""ry"": 64}",0.0022282919962890446,0.004862625035457313,3.5334029234945774e-05,6.95830094628036e-05,0.00887195800896734,0.002391057361915988,26.214100049529154,0.7403874806063231
6b5e074e,2026-10-07T20:14:56.846489,NEU-DET,scratches,scratches_10.jpg,4x4,4,4,8,NEQR,1024,aer,12,4,8,131,91,63,"{""h"": 4, ""x"": 64, ""mcx"": 63}",0.0009055000264197588,0.0020056250505149364,2.0749983377754688e-05,1.958297798410058e-05,0.0034477919689379632,0.0,100.0,1.0
90c25a8e,2026-10-07T20:14:56.850508,NEU-DET,scratches,scratches_100.jpg,4x4,4,4,8,FRQI,1024,aer,5,4,1,1092,705,384,"{""h"": 132, ""x"": 64, ""cx"": 384, ""tdg"": 192, ""t"": 256, ""ry"": 64}",0.0011559160193428397,0.00502104201586917,3.6207959055900574e-05,6.737496005371213e-05,0.008328167023137212,0.0020457735768493928,26.891424350258287,0.7430237457526283
24cbf689,2026-10-07T20:14:56.858864,NEU-DET,scratches,scratches_100.jpg,4x4,4,4,8,NEQR,1024,aer,12,4,8,132,92,64,"{""h"": 4, ""x"": 64, ""mcx"": 64}",0.0009008329943753779,0.001925624965224415,1.999997766688466e-05,1.9875005818903446e-05,0.0033911250066012144,0.0,100.0,1.0
ffb14d3c,2026-10-07T20:14:56.863207,NEU-DET,scratches,scratches_101.jpg,4x4,4,4,8,FRQI,1024,aer,5,4,1,1092,705,384,"{""h"": 132, ""x"": 64, ""cx"": 384, ""tdg"": 192, ""t"": 256, ""ry"": 64}",0.0012197089963592589,0.010433832998387516,3.291695611551404e-05,6.654096068814397e-05,0.014679583022370934,0.0017441096479025443,27.584262155146124,0.9416472625386398
87a2ae45,2026-10-07T20:14:56.877914,NEU-DET,scratches,scratches_101.jpg,4x4,4,4,8,NEQR,1024,aer,12,4,8,129,89,61,"{""h"": 4, ""x"": 64, ""mcx"": 61}",0.0008670419920235872,0.0017578750266693532,2.4457986000925303e-05,2.0915991626679897e-05,0.0031481250189244747,0.0,100.0,1.0
bd592eac,2026-10-07T20:14:56.881592,NEU-DET,scratches,scratches_102.jpg,4x4,4,4,8,FRQI,1024,aer,5,4,1,1092,705,384,"{""h"": 132, ""x"": 64, ""cx"": 384, ""tdg"": 192, ""t"": 256, ""ry"": 64}",0.002653667004778981,0.005021999997552484,3.7582998629659414e-05,6.766599835827947e-05,0.011162583017721772,0.0021400102581586866,26.695841448512603,0.9017779397925897
97db21b5,2026-10-07T20:14:56.892791,NEU-DET,scratches,scratches_102.jpg,4x4,4,4,8,NEQR,1024,aer,12,4,8,132,92,64,"{""h"": 4, ""x"": 64, ""mcx"": 64}",0.0010222909622825682,0.0016277919639833272,2.4667009711265564e-05,2.112501533702016e-05,0.003194958029780537,0.0,100.0,1.0
4dbc5e52,2026-10-07T20:14:56.896620,NEU-DET,scratches,scratches_103.jpg,4x4,4,4,8,FRQI,1024,aer,5,4,1,1092,705,384,"{""h"": 132, ""x"": 64, ""cx"": 384, ""tdg"": 192, ""t"": 256, ""ry"": 64}",0.002902458014432341,0.006844000017736107,4.279200220480561e-05,7.737497799098492e-05,0.013014541997108608,0.001342385665310935,28.721226941119188,0.7427940655295233
d9b232c4,2026-10-07T20:14:56.909674,NEU-DET,scratches,scratches_103.jpg,4x4,4,4,8,NEQR,1024,aer,12,4,8,120,80,52,"{""h"": 4, ""x"": 64, ""mcx"": 52}",0.0016653750208206475,0.001494458003435284,2.3416010662913322e-05,2.1708954591304064e-05,0.004224832984618843,0.0,100.0,1.0
65dc4e25,2026-10-07T20:14:56.914331,NEU-DET,scratches,scratches_104.jpg,4x4,4,4,8,FRQI,1024,aer,5,4,1,1092,705,384,"{""h"": 132, ""x"": 64, ""cx"": 384, ""tdg"": 192, ""t"": 256, ""ry"": 64}",0.0018041249713860452,0.004854540980886668,3.50830378010869e-05,7.07499566487968e-05,0.008244791999459267,0.0022748789397084657,26.430417098708283,0.7755649112175026
0b856b3c,2026-10-07T20:14:56.922606,NEU-DET,scratches,scratches_104.jpg,4x4,4,4,8,NEQR,1024,aer,12,4,8,132,92,64,"{""h"": 4, ""x"": 64, ""mcx"": 64}",0.0009360829717479646,0.001851750013884157,2.4042034056037664e-05,2.2874970454722643e-05,0.003383624949492514,0.0,100.0,1.0
cd838670,2026-10-07T20:14:56.926449,NEU-DET,scratches,scratches_105.jpg,4x4,4,4,8,FRQI,1024,aer,5,4,1,1092,705,384,"{""h"": 132, ""x"": 64, ""cx"": 384, ""tdg"": 192, ""t"": 256, ""ry"": 64}",0.0011848749709315598,0.005524790962226689,3.462500171735883e-05,6.95830094628036e-05,0.008289124991279095,0.001791959266125921,27.466718667150786,0.8937340119749
72cbbe8f,2026-10-07T20:14:56.934767,NEU-DET,scratches,scratches_105.jpg,4x4,4,4,8,NEQR,1024,aer,12,4,8,140,100,72,"{""h"": 4, ""x"": 64, ""mcx"": 72}",0.001039166992995888,0.0020397499902173877,2.1292013116180897e-05,2.0791019778698683e-05,0.0036979580181650817,0.0,100.0,1.0
88116f2e,2026-10-07T20:14:56.938927,NEU-DET,scratches,scratches_106.jpg,4x4,4,4,8,FRQI,1024,aer,5,4,1,1092,705,384,"{""h"": 132, ""x"": 64, ""cx"": 384, ""tdg"": 192, ""t"": 256, ""ry"": 64}",0.0011581250000745058,0.005861749988980591,8.916703518480062e-05,0.00016075000166893005,0.008884917013347149,0.0019852981052168196,27.021742719083363,0.7551239817206219
0a65031f,2026-10-07T20:14:56.947865,NEU-DET,scratches,scratches_106.jpg,4x4,4,4,8,NEQR,1024,aer,12,4,8,130,90,62,"{""h"": 4, ""x"": 64, ""mcx"": 62}",0.0011399579816497862,0.0022291250061243773,2.7375004719942808e-05,2.458301605656743e-05,0.004046125046443194,0.0,100.0,1.0
97a28c63,2026-10-07T20:14:56.952411,NEU-DET,scratches,scratches_107.jpg,4x4,4,4,8,FRQI,1024,aer,5,4,1,1092,705,384,"{""h"": 132, ""x"": 64, ""cx"": 384, ""tdg"": 192, ""t"": 256, ""ry"": 64}",0.0011936249793507159,0.004946459026541561,3.620801726356149e-05,7.216597441583872e-05,0.007802415988408029,0.002293337502289894,26.39532026998751,0.746211309292077
7e5379c1,2026-10-07T20:14:56.960241,NEU-DET,scratches,scratches_107.jpg,4x4,4,4,8,NEQR,1024,aer,12,4,8,121,81,53,"{""h"": 4, ""x"": 64, ""mcx"": 53}",0.0010187909938395023,0.0017430419684387743,2.1332991309463978e-05,2.0082981791347265e-05,0.0032920420053415,0.0,100.0,1.0
3579b347,2026-10-07T20:14:56.964128,NEU-DET,scratches,scratches_108.jpg,4x4,4,4,8,FRQI,1024,aer,5,4,1,1092,705,384,"{""h"": 132, ""x"": 64, ""cx"": 384, ""tdg"": 192, ""t"": 256, ""ry"": 64}",0.0013193750055506825,0.004848499957006425,3.516604192554951e-05,6.891600787639618e-05,0.00779433298157528,0.0019690598245896574,27.05741088791045,0.8621325522770529
74bdfcd0,2026-10-07T20:14:56.971945,NEU-DET,scratches,scratches_108.jpg,4x4,4,4,8,NEQR,1024,aer,12,4,8,122,82,54,"{""h"": 4, ""x"": 64, ""mcx"": 54}",0.0008221250027418137,0.001792415976524353,2.579198917374015e-05,2.2916006855666637e-05,0.0034905000356957316,0.0,100.0,1.0
2c50fb91,2026-10-07T20:14:56.975946,NEU-DET,scratches,scratches_109.jpg,4x4,4,4,8,FRQI,1024,aer,5,4,1,1092,705,384,"{""h"": 132, ""x"": 64, ""cx"": 384, ""tdg"": 192, ""t"": 256, ""ry"": 64}",0.0011355840251781046,0.009452249971218407,4.0417013224214315e-05,7.579202065244317e-05,0.012238499999511987,0.001745929696413308,27.579732480728758,0.8414139371049039
20179dd4,2026-10-07T20:14:56.988221,NEU-DET,scratches,scratches_109.jpg,4x4,4,4,8,NEQR,1024,aer,12,4,8,126,86,58,"{""h"": 4, ""x"": 64, ""mcx"": 58}",0.001702333043795079,0.0034293329808861017,2.779101487249136e-05,2.516602398827672e-05,0.006084333988837898,0.0,100.0,1.0
0b184c31,2026-10-07T20:14:56.994961,NEU-DET,scratches,scratches_11.jpg,4x4,4,4,8,FRQI,1024,aer,5,4,1,1092,705,384,"{""h"": 132, ""x"": 64, ""cx"": 384, ""tdg"": 192, ""t"": 256, ""ry"": 64}",0.0029895830084569752,0.005083375028334558,3.6041950806975365e-05,7.0915964897722e-05,0.011284292035270482,0.0029254851261130872,25.338021056077604,0.3975261781581999
df289006,2026-10-07T20:14:57.006277,NEU-DET,scratches,scratches_11.jpg,4x4,4,4,8,NEQR,1024,aer,12,4,8,119,79,51,"{""h"": 4, ""x"": 64, ""mcx"": 51}",0.0007665000157430768,0.001990624994505197,2.174999099224806e-05,2.145895268768072e-05,0.0033092089579440653,0.0,100.0,1.0
490ce824,2026-10-07T20:14:57.010006,NEU-DET,scratches,scratches_110.jpg,4x4,4,4,8,FRQI,1024,aer,5,4,1,1092,705,384,"{""h"": 132, ""x"": 64, ""cx"": 384, ""tdg"": 192, ""t"": 256, ""ry"": 64}",0.0011642919853329659,0.007490374962799251,3.662501694634557e-05,7.029203698039055e-05,0.010316542000509799,0.002973889566517391,25.266751627618106,0.8724159931860884
134e9308,2026-10-07T20:14:57.020347,NEU-DET,scratches,scratches_110.jpg,4x4,4,4,8,NEQR,1024,aer,12,4,8,123,83,55,"{""h"": 4, ""x"": 64, ""mcx"": 55}",0.0009357499657198787,0.0030804999987594783,2.2459018509835005e-05,2.0208011846989393e-05,0.004539249988738447,0.0,100.0,1.0
1cbfe1c0,2026-10-07T20:14:57.025397,NEU-DET,scratches,scratches_111.jpg,4x4,4,4,8,FRQI,1024,aer,5,4,1,1092,705,384,"{""h"": 132, ""x"": 64, ""cx"": 384, ""tdg"": 192, ""t"": 256, ""ry"": 64}",0.0020093749626539648,0.009830125025473535,4.025001544505358e-05,7.349997758865356e-05,0.015101833967491984,0.0027541095626236584,25.600187868472815,0.9321424432555921
56a9ae74,2026-10-07T20:14:57.040535,NEU-DET,scratches,scratches_111.jpg,4x4,4,4,8,NEQR,1024,aer,12,4,8,129,89,61,"{""h"": 4, ""x"": 64, ""mcx"": 61}",0.002043917018454522,0.0022647090372629464,2.9749993700534105e-05,8.425000123679638e-05,0.005742084002122283,0.0,100.0,1.0
7ad6471d,2026-10-07T20:14:57.046941,NEU-DET,scratches,scratches_112.jpg,4x4,4,4,8,FRQI,1024,aer,5,4,1,1092,705,384,"{""h"": 132, ""x"": 64, ""cx"": 384, ""tdg"": 192, ""t"": 256, ""ry"": 64}",0.002666209009476006,0.0058550420217216015,4.125002305954695e-05,8.38330015540123e-05,0.011836207995656878,0.002445110614507728,26.117014890214723,0.9353183645882531
7734db83,2026-10-07T20:14:57.058821,NEU-DET,scratches,scratches_112.jpg,4x4,4,4,8,NEQR,1024,aer,12,4,8,134,94,66,"{""h"": 4, ""x"": 64, ""mcx"": 66}",0.0010082079679705203,0.0030112499953247607,2.3250002413988113e-05,2.2584048565477133e-05,0.004680916958022863,0.0,100.0,1.0
0c8d4ec4,2026-10-07T20:14:57.064008,NEU-DET,scratches,scratches_113.jpg,4x4,4,4,8,FRQI,1024,aer,5,4,1,1092,705,384,"{""h"": 132, ""x"": 64, ""cx"": 384, ""tdg"": 192, ""t"": 256, ""ry"": 64}",0.0025929580442607403,0.010111166979186237,3.866601036861539e-05,0.00020662497263401747,0.016086333023849875,0.002511709656315009,26.000305647549006,0.9207986162751662
f395ee68,2026-10-07T20:14:57.080154,NEU-DET,scratches,scratches_113.jpg,4x4,4,4,8,NEQR,1024,aer,12,4,8,131,91,63,"{""h"": 4, ""x"": 64, ""mcx"": 63}",0.0021539999870583415,0.002083375002257526,2.4084001779556274e-05,2.2916006855666637e-05,0.005349750048480928,0.0,100.0,1.0
2e9ee110,2026-10-07T20:14:57.087026,NEU-DET,scratches,scratches_114.jpg,4x4,4,4,8,FRQI,1024,aer,5,4,1,1092,705,384,"{""h"": 132, ""x"": 64, ""cx"": 384, ""tdg"": 192, ""t"": 256, ""ry"": 64}",0.0013285839813761413,0.00501783296931535,3.724999260157347e-05,7.06250430084765e-05,0.00801550003234297,0.0019575632571669803,27.082841951475753,0.9112674640021937
eba9e1d7,2026-10-07T20:14:57.095073,NEU-DET,scratches,scratches_114.jpg,4x4,4,4,8,NEQR,1024,aer,12,4,8,133,93,65,"{""h"": 4, ""x"": 64, ""mcx"": 65}",0.0009510000236332417,0.003674958017654717,2.4374981876462698e-05,2.174999099224806e-05,0.005223917018156499,0.0,100.0,1.0
4ae9b449,2026-10-07T20:14:57.100748,NEU-DET,scratches,scratches_115.jpg,4x4,4,4,8,FRQI,1024,aer,5,4,1,1092,705,384,"{""h"": 132, ""x"": 64, ""cx"": 384, ""tdg"": 192, ""t"": 256, ""ry"": 64}",0.0011998750269412994,0.005133208993356675,3.550003748387098e-05,7.104198448359966e-05,0.00798241700977087,0.0029186627950365607,25.34816077918574,0.905968325169229
7db6e180,2026-10-07T20:14:57.108757,NEU-DET,scratches,scratches_115.jpg,4x4,4,4,8,NEQR,1024,aer,12,4,8,132,92,64,"{""h"": 4, ""x"": 64, ""mcx"": 64}",0.0023395829484798014,0.003412333026062697,3.1791976653039455e-05,3.0582945328205824e-05,0.006799041002523154,0.0,100.0,1.0
c8c9dcc7,2026-10-07T20:14:57.116013,NEU-DET,scratches,scratches_116.jpg,4x4,4,4,8,FRQI,1024,aer,5,4,1,1092,705,384,"{""h"": 132, ""x"": 64, ""cx"": 384, ""tdg"": 192, ""t"": 256, ""ry"": 64}",0.001153457968030125,0.00589095801115036,4.3208012357354164e-05,7.808394730091095e-05,0.009990832943003625,0.002313150667091378,26.35796078532742,0.8882492496652411
ac2cd692,2026-10-07T20:14:57.126040,NEU-DET,scratches,scratches_116.jpg,4x4,4,4,8,NEQR,1024,aer,12,4,8,132,92,64,"{""h"": 4, ""x"": 64, ""mcx"": 64}",0.000975416973233223,0.00199237500783056,2.1875021047890186e-05,2.170802326872945e-05,0.0036329999566078186,0.0,100.0,1.0
