model,class,precision,recall,f1,support
SVM,crazing,0.7246376811594203,0.6944444444444444,0.7092198581560284,72
SVM,inclusion,0.5773195876288659,0.7777777777777778,0.6627218934911243,72
SVM,patches,0.9857142857142858,0.9583333333333334,0.971830985915493,72
SVM,pitted_surface,0.8433734939759037,0.9722222222222222,0.9032258064516129,72
SVM,rolled-in_scale,0.6875,0.6111111111111112,0.6470588235294118,72
SVM,scratches,0.8571428571428571,0.5833333333333334,0.6942148760330579,72
Random Forest,crazing,0.7,0.6805555555555556,0.6901408450704225,72
Random Forest,inclusion,0.5543478260869565,0.7083333333333334,0.6219512195121951,72
Random Forest,patches,0.9264705882352942,0.875,0.9,72
Random Forest,pitted_surface,0.8289473684210527,0.875,0.8513513513513513,72
Random Forest,rolled-in_scale,0.6229508196721312,0.5277777777777778,0.5714285714285714,72
Random Forest,scratches,0.6307692307692307,0.5694444444444444,0.5985401459854015,72
KNN,crazing,0.44,0.1527777777777778,0.2268041237113402,72
KNN,inclusion,0.3939393939393939,0.9027777777777778,0.5485232067510548,72
KNN,patches,0.9333333333333333,0.19444444444444445,0.3218390804597701,72
KNN,pitted_surface,0.6146788990825688,0.9305555555555556,0.7403314917127072,72
KNN,rolled-in_scale,0.4835164835164835,0.6111111111111112,0.5398773006134969,72
KNN,scratches,0.5185185185185185,0.19444444444444445,0.2828282828282828,72
Decision Tree,crazing,0.4305555555555556,0.4305555555555556,0.4305555555555556,72
Decision Tree,inclusion,0.44047619047619047,0.5138888888888888,0.47435897435897434,72
Decision Tree,patches,0.6976744186046512,0.4166666666666667,0.5217391304347826,72
Decision Tree,pitted_surface,0.6352941176470588,0.75,0.6878980891719745,72
Decision Tree,rolled-in_scale,0.4594594594594595,0.4722222222222222,0.4657534246575342,72
Decision Tree,scratches,0.44594594594594594,0.4583333333333333,0.4520547945205479,72
